,lyric,label
0,이제야 목적지를 정했지만,0
1,가려한 날 막아서네 난 갈 길이 먼데,0
2,새빨간 얼굴로 화를 냈던,0
3,친구가 생각나네,0
4,이미 난 발걸음을 떼었지만,0
5,가려한 날 재촉하네 걷기도 힘든데,0
6,새파랗게 겁에 질려 도망간,0
7,친구가 뇌에 맴도네,0
8,건반처럼 생긴 도로 위,0
9,수많은 동그라미들 모두가,0
10,멈췄다 굴렀다 말은 잘 들어,0
11,그건 나도 문제가 아냐,0
12,붉은색 푸른색 그 사이,0
13,3초 그 짧은 시간,0
14,노란색 빛을 내는,0
15,저기 저 신호등이,0
16,내 머릿속을 텅 비워버려,0
17,내가 빠른지도,0
18,느린지도 모르겠어,0
19,그저 눈앞이 샛노랄 뿐이야,0
20,솔직히 말하자면 차라리,0
21,운전대를 못 잡던 어릴 때가,0
22,더 좋았었던 것 같아,0
23,그땐 함께 온 세상을,0
24,거닐 친구가 있었으니,0
26,수많은 조명들이 날 빠르게,0
27,번갈아 가며 비추고 있지만,0
28,난 아직 초짜란 말이야,0
31,노란색 빛을 내는 저기 저 신호등이,0
36,꼬질꼬질한 사람이나,0
37,부자 곁엔 아무도 없는,0
38,삼색 조명과 이색 칠 위에,0
39,서 있어 괴롭히지 마,0
47,내가 너라면 다 알아볼 텐데,1
48,널 위할 사람 찾아낼 텐데,1
49,지난 오랜 시간 너의 그 곁을,1
50,지켜온 나라는 걸,1
51,내가 너였다면 참 행복할 텐데,1
52,한 사람을 다 가졌으니까,1
53,둔한 바보도 눈치챌 그 사랑을,1
54,너만 왜 모르니,1
55,너를 바라만 바라만 본다,1
56,외쳐 네 이름만 부른다,1
57,보고 싶은 맘에 너를 향한 그 발걸음,1
58,네 곁을 맴도는데,1
59,오늘도 그리고 그리워하다,1
60,애써 참았던 눈물이 흘러,1
61,그저 멀리서만 바라보다,1
62,또 소리쳐 네가 보고 싶다,1
63,네가 나라면 더 참 아팠을 텐데,1
64,슬픈 역할은 내가 맡을게,1
65,웃는 모습만 보이며 살아가 줘,1
66,내가 볼 수 있게,1
73,그저 멀리서만 바라보다 또 소리쳐,1
74,네가 보고 싶다,1
75,한 걸음 더 다가갈까,1
76,어제보다 더 내일 더 널 사랑해,1
77,혼자 바라고 바라만 보다,1
78,울컥 그리움이 솟는다,1
79,바보 같은 맘에 하지 못한 그 한마디,1
80,널 사랑한다는 말,1
81,얼마나 그리고 그리워해야,1
82,내 맘 너의 곁에 닿게 될까,1
83,매일 하루 종일 너의 생각에 사무쳐,1
84,너무 보고 싶다,1
85,말했잖아 언젠가,0
86,이런 날이 온다면,0
87,난 널 혼자,0
88,내버려두지 않을 거라고,0
89,"죄다 낭떠러지야, 봐",0
90,예상했던 것보다,0
91,더 아플지도 모르지만,0
92,내 손을 잡으면,0
93,하늘을 나는 정도,0
94,그 이상도 느낄 수 있을 거야,0
95,눈 딱 감고 낙하- 하-,0
96,믿어 날 눈 딱 감고 낙하,0
99,초토화된 곳이든,0
100,뜨거운 불구덩이든,0
101,말했잖아 언젠가 그런 날에,0
102,나는 널 떠나지 않겠다고,0
106,내 눈을 본다면,0
107,밤하늘의 별이 되는,0
108,기분을 느낄 수 있을 거야,0
109,셋 하면 뛰어 낙하- 하-,0
110,핫 둘 셋 숨 딱 참고 낙하,0
113,보여주자 웃을 준비를 끝낸 그들에게,0
114,아무것도 우리를 망가뜨리지 못해,0
119,눈부신 햇살 아래,0
120,아이처럼 활짝 웃는 너,0
121,우릴 계속 불러 댄,0
122,손을 더 높이,0
123,모일수록 아름답게,0
124,비가 내려도,0
125,다시 한번 시작해볼까,0
126,너와 손을 맞잡은 순간,0
127,더 큰 세상이 너를 주목해,0
128,축제를 열어볼까,0
129,난 너의 손을 잡아,0
130,기다린 지금이야,0
131,너답게 펼쳐봐,0
135,어둠을 헤쳐 빛을 따라가,0
141,절대적 룰을 지켜,0
142,내 손을 놓지 말아,0
143,결속은 나의 무기,0
144,광야로 걸어가,0
145,위협에 맞서서,0
146,제껴라 제껴라 제껴라,0
147,유혹은 깊고 진해,0
148,맞잡은 손을 놓쳐,0
149,난 절대 포기 못해,0
150,저 너머의 문을 열어,0
151,널 결국엔 내가 부셔,0
153,적대적인 고난과 슬픔은,0
154,감정들을 배운 다음,0
155,감당할 수 없는 절망도,0
156,내 믿음을 깨지 못해,0
157,더 아픈 시련을 맞아도,0
158,절대로 뒤를 돌아보지 말아,0
159,광야의 것 탐내지 말아,0
160,약속이 깨지면,0
161,모두 걷잡을 수 없게 돼,0
162,언제부턴가 불안해져 가는 신호,0
163,널 파괴하고 말 거야,0
164,중심을 잃고 목소리도 잃고 비난받고,0
165,사람들과 멀어지는 착각 속에,0
166,결국 난 문을 열어,0
167,난 궁금해 미치겠어,0
171,더 강해져 자유롭게,0
172,난 광야의 내가 아냐,0
173,야수 같은 나를 느껴,0
175,가장 가까운 바다,0
176,혼자만의 영화관,0
177,그냥 이끌리는 대로 해도 괜찮으니까,0
178,귀에 윙윙윙 맴도는,0
179,나를 재촉하던 모닝콜 없이 일어나,0
180,유리컵 한가득,0
181,내린 커피 한 잔,0
182,아이스로 할래 아주 여유롭게,0
183,문득 시곌 보니,0
184,벌써 시간은 열두시,0
185,그래도 아주 느긋해,0
186,그리곤 하품 한 번,0
187,한껏 기지개도 켜고,0
188,생각해 오늘 뭐 할까,0
189,창문 너머 계절에 시선이 닿은 그 순간,0
190,쏟아지는 햇살 내 맘을 두드려,0
191,내게 손짓하는 싱그러운 바람 타고서,0
195,뚜벅 걸어도 좋아,0
196,하루쯤 세상의 얘길 무시한 채,0
197,내가 나의 하루를 조립해 보려 해,0
198,가본 적도 없는 길 뭐가 있든지,0
199,한쪽 길모퉁이 따라 맘대로 자라난,0
200,조그만 이름 모를 꽃,0
201,한참을 바라보다 뜨거운 햇살을 피해,0
202,벤치에 잠깐 앉아 봐,0
203,느려지는 걸음 그림자의 속도를 따라,0
204,함께 걷는 태양과 발을 맞추고,0
205,뒤이을 달빛을 따라 돌아오고 싶은 걸,0
206,그곳에 두고 와 나만의 작은 짐,0
207,골목길 끝을 돌아 만나게 될,0
208,두근두근 온종일,0
209,눈에 들어오는 예쁜 옷,0
210,맘에 들어오는 걸 더는 망설이긴 싫은 걸,0
215,너를 사랑하고 있어,1
217,자기야 날 사랑해주면 안 될까,1
218,말처럼 쉽지는 않은 걸 알지만,1
219,세게 날 안아주면 안 될까,1
220,오늘따라 세상이 무섭단 말이야,1
221,잠깐 인공호흡을 해주라,1
222,왠지 숨이 잘 안 쉬어져서 난,1
223,날 놓을 거면 과거에 놔주라,1
224,네가 있는 시간에서 죽어갈 거야,1
225,우리 그냥 결혼하면 안 될까,1
226,돈은 내가 열심히 벌 테니까,1
227,이 세상과 내가 눈감는 날,1
228,까지만 날 사랑한다 말해주라,1
229,내가 너를 사랑해도,1
230,네가 날 안 사랑해도,1
231,우린 나름대로 행복할 거야,1
232,내 방 천장에 그려 본,1
233,내 우주에게 물어본,1
234,말은 나를 사랑하면 안 될까,1
235,오사카나 오키나와의 바다,1
236,내 뮤비들을 찍었던 곳 말이야,1
237,같이 가자 약속했었잖아,1
238,그 약속이 깨질까 봐 겁이 나,1
239,진짜 처음으로 걔가 부럽더라,1
240,하얀 웨딩드레스를 입은 아름다운,1
241,너와 영원을 말할 수 있을까,1
242,가족이 되어주라,1
243,내 집이 되어주라,1
244,나도 날 줄 테니 너도 널 주라,1
245,평생의 연인이야,1
246,네 말대로 말이야,1
247,그래 별과 우주잖아,1
248,날 사랑하지 않는다면,1
249,나의 사랑 반을 받아,1
250,남은 사랑의 반도,1
251,내가 채워줄 거야 꼭,1
264,거울 앞에서 또 연습해,1
265,두 눈을 크게 떠,1
266,이런 표정을 넌 좋아해,1
267,어떻게 하면 더 연약해 청초해 보일까,1
268,안 꾸민듯 꾸며보곤 해,1
269,여자의 마음을 너무 몰라 넌,1
270,두려운 내 모습까지 감싸 안아줘,1
271,영혼까지 끌어 떠는 내숭,1
272,결국 이게 다 널 위한거야,1
273,순수한 내 눈빛보고 잔머리 굴리지말고,1
274,벌렌 절대 못 잡아요 너무 무서워,1
280,이제 애쓰지 않아도,1
281,처음 널 만나는 날,1
282,노란 세 송이 장미를 들고,1
283,룰루랄라 신촌을 향하는,1
284,내 가슴은 마냥 두근두근,1
285,생머리 휘날리며,1
286,나를 향해 손을 흔드는 너,1
287,머리에서 발 끝까지,1
288,나를 사로잡네 이야에로,1
289,니가 좋아 너무 좋아,1
290,내 모든걸 주고 싶어,1
291,너에게만은 내 마음,1
292,난 꾸미고 싶지 않아,1
293,언제까지 너와 함께 있을 거야 예,1
294,룰루랄라 신촌을 누비는,1
295,내 마음은 마냥 이야에로,1
296,여보세요 나의 천사,1
297,어떻게 내 마음을 훔쳤나요,1
298,괜찮아요 나의 천사 가져간,1
299,내 마음을 고이 간직해줘요,1
308,언제까지 너와 함께 있을 거야 음,1
309,처음이라기엔 너무,1
310,길을 이미 다 아는 듯이,1
311,우연히라기엔 모두,1
312,다 정해진 듯이,1
313,우연히 눈을 떠 보니,1
314,이 세상에 태어나 있었고,1
315,하필 네가 있는 곳이었다,1
316,서서히 몸에 배어버린,1
317,사소한 습관들이,1
318,네게로 가는 길을,1
319,내게 알려줘,1
324,고통의 사랑도,1
325,보통의 이별도,1
328,만약 내가 그때 그곳을,1
329,헤매지 않았더라면,1
330,그날 네가 마음 아픈,1
331,이별을 안 했었더라면,1
332,네 뒤를 따라 걷던 곳,1
333,네가 떨어트렸던 꽃,1
334,위태롭던 시간 속,1
335,서로를 기다려왔어,1
336,운명이라고 하기엔,1
337,이를 수 있다 생각해,1
338,우연히라고 하기엔,1
339,설명이 필요한 것 같아,1
340,어쩌면 또 스칠 수 있을지 몰라도,1
341,지금이 아니면 안 될 것 같던 그 때로,1
350,어쩌면 기억을 지운 채로,1
351,하나였던 우린 둘이 되고,1
352,운명이란 작은 점 안에서,1
353,서로를 찾으며 살았는지도,1
361,더 멀어져가,1
365,그곳으로 가,1
366,이젠 당신이 그립지 않죠,1
367,보고 싶은 마음도 없죠,1
368,사랑한 것도 잊혀 가네요,1
370,알 수 없는 건 그런 내 맘이,1
371,비가 오면 눈물이 나요,1
372,아주 오래 전 당신 떠나던,1
374,이젠 괜찮은데 사랑 따윈 저버렸는데,1
375,바보 같은 난 눈물이 날까,1
376,아련해지는 빛 바랜 추억,1
377,그 얼마나 사무친 건지,1
378,미운 당신을 아직도 나는,1
382,다신 안 올 텐데 잊지 못한 내가 싫은데,1
383,언제까지나 맘은 아플까,1
384,무얼 믿은 걸까 부족했던 내게서,1
385,나조차 못 믿던 내게 여태 머문 사람,1
386,무얼 봤던 걸까 가진 것도 없던 내게,1
387,무작정 내 손을 잡아 날 이끈 사람,1
389,그대 눈 속에 비친 내 모습,1
390,이제는 내게서 그댈 비춰줄게,1
391,궂은 비가 오면,1
392,세상 가장 큰 그대 우산이 될게,1
393,그댄 편히 걸어가요,1
394,걷다가 지치면,1
395,내가 그대를 안고 어디든 갈게,1
396,이제 나만 믿어요,1
397,나만 두고 가던,1
398,나만 스쳐 간 행운이 모여,1
399,그대가 되어서 내게 와준 거야,1
406,나의 마지막 주인공이 되어,1
407,다신 누구 앞에서도,1
408,그대는 고개 숙이지 마요,1
409,내가 보지 못했던 홀로 고단했던 시간,1
410,고맙고 미안해요 사랑해요,1
411,이 세상은,1
412,우리를 두고 오랜 장난을 했고,1
413,우린 속지 않은 거야,1
414,이제 울지 마요,1
415,좋을 땐 밤새도록 맘껏 웃어요,1
416,전부 그대 꺼니까,1
417,그대는 걱정 말아요,1
419,세상이 어두워지고,1
420,조용히 비가 내리면,1
421,여전히 그대로,1
422,오늘도 어김없이 난,1
423,벗어나질 못하네,1
424,너의 생각 안에서,1
425,이제 끝이라는 걸 알지만,1
426,미련이란 걸 알지만,1
427,이제 아닐 걸 알지만,1
428,그까짓 자존심에,1
429,널 잡지 못했던 내가,1
430,조금 아쉬울 뿐이니까,1
431,비가 오는 날엔 나를 찾아와,1
432,밤을 새워 괴롭히다,1
433,비가 그쳐가면 너도 따라서,1
434,서서히 조금씩 그쳐가겠지,1
435,취했나 봐,1
436,그만 마셔야 될 것 같애,1
437,비가 떨어지니까,1
438,나도 떨어질 것 같애,1
439,뭐 네가 보고 싶다거나,1
440,그런 건 아냐,1
441,다만 우리가 가진 시간이 좀,1
442,날카로울 뿐,1
443,참 좋아했었던 이런 날이면,1
444,아직 너무 생생한,1
445,기억을 꺼내놓고,1
446,추억이란 덫에,1
447,일부러 발을 들여놔,1
448,벗어나려고 발버둥조차,1
449,치지 않아,1
450,이제 너를 다 지워냈지만,1
451,모두 다 비워냈지만,1
452,또다시 비가 내리면,1
453,힘들게 숨겨놨던,1
454,너의 모든 기억들이,1
455,다시 돌아와 널 찾나 봐,1
461,이젠 돌아갈 길은 없지만,1
462,지금 행복한 너를 보며,1
463,난 그래도 웃어볼게,1
464,널 잡을 수 있었던,1
465,힘이 내겐 없었으니까,1
466,어차피 끝나버린 걸 이제 와,1
468,뒤늦게 후회나 하는 거지,1
469,덜 떨어진 애처럼,1
470,비는 항상 오니까,1
471,계속 반복되겠지,1
472,그치고 나면 그제서야,1
473,나도 그치겠지,1
478,유성이 비처럼 쏟아지는 하늘,1
479,그 아래 너와 함께 춤추고 싶어,1
480,색색의 옷들과 예쁜 액세서리,1
481,흐르는 저 음악이,1
482,내 맘을 설레게 하지,1
483,다른 아무것도 생각하진 마,1
484,무대 위에 올라,1
485,자유로운 몸짓 그 사랑스런 느낌,1
486,저 따분했던 하루와,1
487,지구를 등지고 떠올라,1
488,말리지 마 지금 내 기분은,1
489,멀리 멀리 멀리 다 눈부셔,1
490,저 태양이 다시 눈뜰 때까지,1
491,넌 평범한데 뭔가 달라,1
492,왠지 묘한 구석이 있네,1
493,난 가려져 있는 게 보여,1
494,사람을 가장한 낯선 존재들처럼,1
495,괜찮아 좀 더 가까이 와,1
496,다른 시선 따위 다 잊어버려 우리,1
497,늘 복잡한 저세상과,1
501,어차피 작은 점일 뿐야,1
502,보석 같은 아이야,1
503,몇 발짝 멀리 떨어져서 바라보면 돼,1
507,날 보며 환히 웃던,1
508,너의 미소에,1
509,홀린 듯,1
510,난 그저,1
511,너의 눈빛은,1
512,날 자꾸 네 곁을 맴돌게 해,1
513,굳게 닫힌 내 맘이,1
514,어느새 무너져버려,1
515,온통 너의 생각뿐이야,1
516,나도 미치겠어,1
517,너무 보고 싶어,1
518,매일 매일 매일,1
519,자꾸 초라해지잖아,1
520,내 모습이,1
521,그대여 내게 말해줘,1
523,하루가 멀다 하고,1
524,오늘 밤이 가기 전에,1
525,조금 더 다가와 줘,1
526,대체 뭘 고민해 빨리 안아,1
527,아닌 척 모르는 척 하다가,1
528,늦게 놓치고 후회 말아,1
542,이제 와 숨기려 하지 마요,1
544,아닌 척하지 마요,1
545,온종일 난,1
546,그대 생각에 잠긴 채로,1
547,난 이대로 기다리고 있어요,1
549,당신이 얼마나 내게,1
550,소중한 사람인지,1
551,세월이 흐르고 보니,1
552,이제 알 것 같아요,1
554,필요한 사람인지,1
555,세월이 지나고 보니,1
557,밤하늘에 빛나는,1
558,별빛 같은 나의 사랑아,1
559,당신은 나의 영원한 사랑,1
560,사랑해요 사랑해요,1
561,날 믿고 따라준 사람,1
562,고마워요 행복합니다,1
563,왜 이리 눈물이 나요,1
572,첨엔 혼자라는 게 편했지,1
573,자유로운 선택과 시간에,1
574,너의 기억을 지운 듯 했어,1
575,정말 난 그런 줄로 믿었어,1
576,하지만 말야 이른 아침,1
577,혼자 눈을 뜰 때,1
578,내 곁에 니가 없다는,1
579,사실을 알게 될 때면,1
580,나도 모를 눈물이 흘러,1
581,변한 건 없니 날 웃게 했던,1
582,예전 그 말투도 여전히 그대로니,1
583,난 달라졌어 예전만큼 웃질 않고,1
584,좀 야위었어 널 만날 때 보다,1
585,나를 이해해 준 지난 날을,1
586,너의 구속이라 착각했지,1
587,남자다운 거라며 너에겐,1
588,사랑한단 말조차 못했어,1
589,하지만 말야,1
590,빈 종이에 가득 너의 이름,1
591,쓰면서 네게 전화를 걸어,1
592,너의 음성 들을 때,1
594,변한 건 없니 내가 그토록,1
595,사랑한 미소도 여전히 아름답니,1
598,그는 어떠니 우리 함께한 날들,1
599,잊을 만큼 너에게 잘해주니,1
600,행복해야 돼 나의 모자람,1
601,채워줄 좋은 사람 만났으니까,1
602,나리는 꽃가루에 눈이 따끔해 (아야),1
603,눈물이 고여도 꾹 참을래,1
604,내 마음 한켠 비밀스런 오르골에 넣어두고서,1
605,영원히 되감을 순간이니까,1
606,우리 둘의 마지막 페이지를 잘 부탁해,1
607,어느 작별이 이보다 완벽할까,1
608,이런 결말이 어울려,1
609,안녕 꽃잎 같은 안녕,1
610,아 얼마나 기쁜 일이야,1
613,기분이 달아 콧노래 부르네 (랄라),1
614,입꼬리는 살짝 올린 채,1
615,어쩜 이렇게 하늘은 더 바람은 또 완벽한 건지,1
616,오늘따라 내 모습 맘에 들어,1
617,처음 만난 그날처럼 예쁘다고 말해줄래,1
618,어느 이별이 이토록 달콤할까,1
624,너도 언젠가 날 잊게 될까,1
625,지금 표정과 오늘의 향기도,1
626,단잠 사이에 스쳐간,1
627,봄날의 꿈처럼,1
628,너의 대답이 날 울려,1
629,안녕 약속 같은 안녕,1
635,날 보는 눈빛에 분명 적혀있어,1
636,난 더 특별함을 원해 너에게,1
637,푸른 바람 불어와,1
638,또 괜히 나 왜 두근거려 왜 (왜),1
639,뭐래도 몰라도 돼,1
640,오늘만은 내 멋대로,0
641,치맛바람이 불어와 (불어와),0
642,뜨거운 햇살이 비춰와 (비춰와),0
643,아름다운 여름밤이라구요,0
644,살랑 살랑 살랑 불어 기분 좋은 날에,0
645,바람 바람 바람 이 시원한 바람,0
646,찰랑 찰랑 찰랑 이 푸른 바닷가에,0
647,바람 바람 바람 치 맛 바 람,0
648,(널 향한 내 맘에),1
649,눈 떼지 못해 넌,1
650,푸른 바람 불어와,0
652,뭐래도 몰라도 돼,0
661,너와 함께 있고 이 밤은 빛나는데,1
662,치 맛 바 람,0
663,세상이란 장애물이 너의,1
664,앞길을 가로막을 때 날 봐,1
665,언제나 너의 곁엔 내가 있어,1
666,불안 따윈 1도 없을 테니,1
667,내가 너를 지켜줄게,1
668,나를 믿고 가 오,1
669,거친 세상이지만,1
671,창밖으로 비쳐오는 태양,1
672,시시각각 바뀌는 구름의 모양,1
673,공기를 가르며 와닿는,1
674,바람의 향기가 느껴지니,1
675,내가 너를 지켜줄 테니,1
679,참 다행이지 나의 옆이 너라서,1
680,내 어깨에 기대어,1
681,손을 꼭 잡고 같이,1
682,어디로든 가자,1
686,하루만 더 우리 이별을,1
687,늦춘다면 어땠을까,1
688,그럴 일 없다는 걸 나는 알면서도,1
689,아직 널 보낼 수가 없나봐,1
690,한번만 나 이렇게 널 불러볼게,1
691,오늘까지만 그리워할게,1
692,끝이 보이지않아 내 사랑은,1
693,가슴깊이 이별을 남기고,1
694,새까맣게 흉터가 되어도,1
695,또 다시 너를 그리워해,1
696,내 전부인 널,1
697,단 하루만 더 너를 사랑할게,1
698,단 한순간도 못 잊어,1
699,너 없는 세상이,1
700,너무나 아파서 무너져가,1
701,다시 돌아와줘,1
702,시간에 기대어 애써봐도,1
703,이별은 왜 계속 선명해질까,1
704,잘 지내란 인사 못할 것 같아,1
705,혼자 남은 내 맘을 이해해줘,1
706,네 흔적이 그대로 남아서,1
707,내 입술이 추억을 부르고,1
708,여전히 너를 사랑한다,1
717,우리의 이별 끝에,1
718,아직도 서있어,1
719,지금도 네게 하고 픈 말,1
720,뜨겁게 널 사랑한다고,1
721,단 한순간도 못 보내,1
723,너무나 아파 목이 메어와,1
724,정말 끝난거니,1
725,참 행복했었던 그때 우린,1
726,추억마저 사라지고 있잖아,1
727,세상의 모서리,0
728,구부정하게 커버린,0
729,"걸음걸이, 옷차림,",0
730,넌 모르지,0
731,떨군 고개 위,0
732,환한 빛 조명이,0
733,어딜 비추는지,0
734,느려도 좋으니,0
735,결국 알게 되길,0
736,잊지마 넌 흐린 어둠 사이,0
737,왼손으로 그린 별 하나,0
738,보이니 그 유일함이 얼마나,0
739,아름다운지 말야,0
740,지쳐버린 표정 마치,0
741,전원을 꺼놓은 듯이,0
742,"네가 가진 반짝거림,",0
744,아직 못다 핀,0
745,널 위해 쓰여진,0
746,오래된 사랑시,0
747,헤매도 좋으니,0
748,웃음 짓게 되길,0
753,발자국마다 이어진 별자리,0
754,그 서투른 걸음이 새겨놓은 밑그림,0
755,오롯이 너를 만나러 가는 길,0
756,그리로 가면 돼 점선을 따라,0
757,잊지마 이 오랜 겨울 사이,0
758,언 틈으로 피울 꽃 하나,0
759,보이니 하루 뒤 봄이 얼마나,0
760,아름다울지 말야,0
761,끝없이 별빛이 내리던 밤,0
762,기분 좋은 바람이,1
763,두 빰을 스치고,1
764,새벽 바다 한곳을 보는,1
765,아름다운 너와 나,1
766,그림을 그려갔어,1
767,모래 위 떨린 손끝으로,1
768,날 향해 웃어주는 입술,1
769,끝 모양과 저 달보다,1
770,사랑스러운 두 눈을 가진 네가,1
771,다정히 내 이름을,1
772,부르면 내 마음이,1
773,녹아내려 언제나,1
774,나 하날 위해 준비된,1
775,선물 같아 널 안으면,1
776,잠들지 않는 바다 위를,1
777,너와 함께 걷는 거 같아,1
778,하늘 아래 너와 나,1
779,남은 내 모든 날을 너에게,1
780,다 줘도 안 아까워,1
781,이제서야 내가,1
782,사랑에 눈을 뜬 건 가봐,1
783,경험하지 못했고,1
784,믿기지 않는 일만,1
785,일어나고 있는 거 아니,1
786,5월에 피는 봄꽃 처럼,1
787,내 사랑도 피어나,1
788,부는 바람에 살며시 실어 보내,1
797,설레는 지금이,1
798,꿈이 아닌 걸 알잖아,1
799,난 더 바랄 게 없어,1
800,먼 훗날 내 생애,1
801,아주 작은 소리로,1
802,귓가에 말할 거야,1
803,내 곁에 머물러줘서,1
804,마음 다해 고맙다고,1
805,어떤 말로도 표현 못 할,1
806,내 인생의 전부였다고,1
807,이 순간 너를 꼭 안고,1
808,고백할게 언제나,1
809,우리 모든 날들과,1
810,별빛 아래 우리 그림자,1
811,제일로 특별하다고,1
812,길고 긴 겨울 끝을 지나,1
813,너의 앞에 서있는 지금,1
814,선명한 목소리로,1
815,널 사랑한다고,1
817,외로운 날들이여 모두 다 안녕,1
818,어제의 너는 바람을 타고 멀리,1
819,후회도 없이 미련 없이 날아가,1
820,거울에 비친 너의 모습이 슬퍼,1
821,늘 웃음 짓던 예전의 넌 어디에 있니,1
822,저 파란 하늘 눈부신 별들도,1
823,모두 다 너를 위해 있잖니,1
824,더 이상 네 안에 그 일은 없던 일,1
825,그래서 아픈 기억 모두 버려야할 일,1
826,눈물짓지 마 새로운 오늘을,1
830,슬프게 내린 비는 꽃을 피우고,1
831,너의 눈물은 예쁜 사랑을 피울 거야,1
832,슬퍼하지 마 새로운 오늘을,1
833,햇살 가득한 날들이여 안녕,1
834,너의 유리처럼 맑은 미소가,1
835,세상을 환히 웃음 짓게 할 거야,1
842,그림 같은 집이 뭐 별거겠어요,1
843,어느 곳이든 그대가 있다면,1
844,그게 그림이죠,1
845,빛나는 하루가 뭐 별거겠어요,1
846,어떤 하루던 그대 함께라면,1
847,뭐가 필요하죠,1
848,나 그대가 있지만,1
849,힘든 세상이 아니라,1
850,힘든 세상 이지만 곁에,1
851,그대가 있음을 깨닫고,1
852,또 감사해요 또 기도해요,1
853,내 곁에서 변치 않고,1
854,영원하길 기도 드리죠,1
855,무려 우리 함께 눈뜨는 아침과,1
856,매일 그댈 만나 돌아오는 집 앞,1
857,나 만의 그대 나의 그대,1
858,내겐 사치라는걸,1
859,과분한 입맞춤에 취해,1
860,잠이 드는 일,1
861,그래 사치 그댄 사치 내겐 사치,1
862,행복이란 말이 뭐 별거겠어요,1
863,그저 그대의 잠꼬대 마저 날,1
864,기쁘게 하는데,1
865,사랑이란 말이 뭐 별거겠어요,1
866,그저 이렇게 보고만 있어도,1
867,입에서 맴돌죠,1
869,거친 세상이 아니라,1
870,거친 세상 이지만,1
871,내겐 그대가 있음을 깨닫고,1
872,또 다짐하죠 또 약속하죠,1
873,그대 곁에 변치않고,1
874,영원하길 약속할게요,1
878,내겐 사치 라는걸,1
882,내가 상상하고,1
883,꿈꾸던 사람 그대,1
884,정말 사랑하고 있다고,1
885,나 말 할 수 있어서,1
886,믿을 수 없어,1
887,정말 믿을 수 없어,1
888,내가 어떻게 내가 감히,1
889,사랑할 수 있는지 말야,1
890,무려 우리 함께 잠드는 이 밤과,1
891,매일 나를 위해 차려진 이 식탁,1
895,잠에 드는 일,1
897,너와 있을 땐 내게,1
898,신기한 변화가 있는데,1
899,자꾸 미소 짓게 돼,1
900,아무 일도 없는데,1
901,자꾸 마법에 걸려,1
902,밤을 새워도 안 졸려,1
903,다른 생각 지워져,1
904,심장 소리는 커져,1
905,사랑이 참 쉬워져,1
906,그래서 빠지고 빠져 점점 너에게,1
907,마신 게 하나도 없는데,1
908,너와 있을 때마다 이래,1
909,날 보는 네 눈빛 때문에,1
910,너는 정말 특별해,1
911,전혀 독하지 않은데,1
912,낮에 별이 뜨게 해,1
913,한 모금 마셨는데,1
923,근데 마실 때마다 자꾸 길을 잃어,1
924,자고 일어나도 깨지가 않아,1
925,근데 이 기분 싫지가 않아,1
926,이 술 이름은 도대체 뭐니,0
930,다시 태어난다면 다시 사랑한다면,1
931,그때는 우리 이러지 말아요,1
932,조금 덜 만나고 조금 덜 기대하며,1
933,많은 약속 않기로 해요,1
934,다시 이별이 와도 서로 큰 아픔 없이,1
935,돌아설 수 있을 만큼,1
936,버려도 되는 가벼운 추억만,1
937,서로의 가슴에 만들기로 해요,1
938,이젠 알아요 너무 깊은 사랑은,1
939,외려 슬픈 마지막을 가져 온다는 걸,1
940,그대여 빌게요 다음 번의 사랑은,1
941,우리 같지 않길 부디 아픔이 없이,1
943,꼭 나보다 더 행복해져야만 해,1
944,많은 시간이 흘러 서로 잊고 지내도,1
945,지난 날을 회상하며,1
946,그 때도 이건 사랑이었다고,1
947,말할 수 있다면 그걸로 된 거죠,1
952,이젠 알아요 영원할 줄 알았던,1
953,그대와의 사랑마저 날 속였다는 게,1
954,그보다 슬픈 건 나 없이 그대가,1
955,행복하게 지낼 먼 훗날의 모습,1
957,내 마음을 하늘만은 알기를,1
958,술 취해 눌러버린 전화번호 실수로 눌러버린 통화 버튼,1
959,기억이 나지 않아 내 술버릇 눈뜨면 또다시 후회뿐인 내 맘,1
960,막막했던 그날 그 차 안 말이 없던 우리 사이보다 좀 더 멀어진 것만 같아,1
961,술버릇 술버릇 술버릇 술버릇,0
962,우린 끝난 거잖아 나도 알고 있단 말야,1
964,술버릇 아니 너를 잊지 못한 나의 버릇,1
965,내가 이렇게 아픈데 그댄 어떨까요,1
966,원래 떠나는 사람이 더 힘든 법인데,1
967,아무 말하지 말아요 그대 마음 알아요,1
968,간신히 참고 있는 날 울게 하지 마요,1
969,이별은 시간을 멈추게 하니까,1
970,모든걸 빼앗고 추억만 주니까,1
971,아무리 웃어 보려고 안간힘 써 봐도,1
972,밥 먹다가도 울겠지만,1
973,그대 오직 그대만이,1
974,내 첫사랑 내 끝사랑,1
975,지금부터 달라질 수 없는 한 가지,1
976,그대도 나처럼 잘못했었다면,1
977,그 곁에 머물기 수월했을까요,1
978,사랑해 떠난다는 말 과분하다는 말,1
979,코웃음 치던 나였지만,1
982,지금부터 그대 나를 잊고 살아도,1
983,그대만이 영원한 내 사랑,1
984,나는 다시는 사랑을 못할 것 같아요,1
985,그대가 아니면,1
986,나의 마음 알고 있었니,1
987,정말로 너만을 생각하며,1
988,지냈던 날들,1
989,하지만 너에 대한,1
990,마음이 커지면 커질수록,1
991,나는 더욱더,1
992,힘들어 해야만 했어,1
993,불안에 떨어야만 했어,1
994,이제는 내 자신이 지쳤어,1
995,너를 볼 자신이 없어,1
996,그래 비겁하게,1
997,너에게 등을 보이고,1
998,도망가려 하는,1
999,내 자신이 너무도 싫어,1
1000,하지만 나는 너무 늦게,1
1001,알아버린 거야,1
1002,내가 너를 좋아한다는 걸,1
1003,알았을 때,1
1004,하지만 그땐,1
1005,너무도 늦어 버렸어,1
1006,모든 게 변해 버렸어,1
1007,나는 너무도 초라했던 내가,1
1008,너에게 말할 용기도 자신도,1
1009,모두 잃어 버렸어,1
1010,하지만 그냥 그게,1
1011,좋았었지 라고,1
1012,생각했던 내가 어리석었어,1
1013,그게 그렇게 힘들 줄은,1
1014,난 정말로 몰랐던 걸,1
1015,이제야 늦게나마 난 깨달았던 거야,1
1016,이 모든 게 너에겐,1
1017,변명으로 들리겠지,1
1018,하지만 내 사랑은 오직 하나,1
1019,너 뿐이었다는 걸,1
1020,그대 이거 하나만은,1
1021,알아줬으면 해,1
1022,나만큼 너를 사랑해 줄,1
1023,사람 없다는 걸,1
1032,돌아서는 네 모습,1
1033,바라보는 내게,1
1034,더 이상의 슬픔은 없어,1
1035,끝이 된 사랑을 놓지 못해,1
1036,슬픔에 울지 못해,1
1037,내 가슴에 젖은,1
1038,내 친구의 처진 목소리,1
1039,처음부터 어긋나버린,1
1040,끝이 된 사랑얘기,1
1041,내 친구의 아픔을,1
1042,이해 못할 슬픔을,1
1043,달래긴 힘겨워서,1
1044,불러본다 노래,1
1045,진정 네가 사랑했던,1
1046,꽃잎 같은 그녈 위해,1
1047,많은 시간 홀로 지내며,1
1048,준비했던 사랑,1
1049,그 한 송이,1
1050,꽃을 피우기 위해,1
1051,흘러내린 눈물은,1
1052,빛을 바라지 못하고,1
1053,한줌 흙이 되어 날려,1
1054,수많은 날을 밤을,1
1055,한숨으로 보내며 지내며,1
1056,생각의 마지막에,1
1057,어렵게 내려진 결론,1
1058,그건 결코 쉽지 않게 내려진,1
1059,그녈 위한 너를 위한,1
1060,네 사랑의 결별의 종말론,1
1061,언젠가는 이루지 못한,1
1062,너의 둘의 안타까운 사랑이,1
1063,저 하늘의 두 빛으로 만나,1
1064,하늘에 줄을 긋는,1
1065,별똥별이 되어,1
1066,다음 생엔 그 사랑이,1
1067,분명히 이뤄지길 바래,1
1068,내 친구는,1
1069,아직 그녈 사랑해요,1
1070,하지만 그녈 위해,1
1071,내 친구는 떠난대요,1
1072,이런 게 사랑이라,1
1073,생각하면 숨막혀요,1
1074,그래서인지 내 친구는,1
1082,아직 우나 봐요,1
1088,그건 누구에겐 돈,1
1089,더는 못 기다려 줘,1
1090,원래 나는 좀 참을성이 없는 몸,1
1091,솔직한 게 좋은 걸,1
1092,달콤하기만 해도 싫어,1
1093,매너 좋은 거 착한 거는,1
1094,순간 반짝할 거면 시작도 않는 걸,1
1095,나와 똑같아 내 맘 잘 알아줄,1
1096,눈앞에 나타나 줘,1
1097,눈앞에 눈앞에 나타나 줘,1
1098,이해하게 될 걸 너만 나타나면,1
1099,겉만 그런지 진심인지,1
1100,금방 타오른다면 쉽게 꺼지는 걸,1
1104,실제론 어떤 느낌인 걸까,1
1105,한 번도 느껴본 적 없는 걸,1
1109,잊었니 날 잊어버렸니,1
1110,그 수많은 추억들은 잊어버렸니,1
1111,가슴은 널 향해 팔 벌려,1
1112,오늘도 간신히 버티고 있는데,1
1113,추억이 점점 빛 바래가면,1
1114,너와 거닐던 길에 우두커니 서,1
1115,지우고 또 지우려 해도,1
1116,네 숨결 목소리가 귓가에 들려,1
1118,아직 난 널 기다리잖아,1
1119,사랑이 또 울고 있잖아,1
1120,가슴엔 늘 눈물이 고여,1
1121,지워도 자꾸 지우려 해도,1
1122,그대 얼굴이 자꾸 떠오르네요,1
1136,사진을 보다가 반쪽을 찢었어,1
1137,지금 우리처럼 반쪽을 찢었어,1
1138,나 남들처럼 그렇게 널 잊고 싶어서,1
1139,사진을 찢어버렸어,1
1140,편지를 보다가 반쪽을 찢었어,1
1141,거울을 보다가 눈물이 비쳐서,1
1142,한참을 울었어,1
1143,난 눈물로 널 잊고 싶어서,1
1144,그래 잊고 싶어서 편지를 찢었어,1
1145,나 혼자서도 잘해 낼 거라고,1
1146,난 너 없이도,1
1147,잘해 낼 수 있을 거라고,1
1148,만약 네가 딴사람 만나면,1
1149,행복을 빌어줄 거라고,1
1150,난 너 없이도 잘해 낼 거라고,1
1151,난 습관처럼 눈물 흘리진 않는다고,1
1152,내 손 위에 찢겨진 두 장 중에,1
1153,한 장을 태웠어,1
1154,사진을 보다가,1
1155,사랑을 하다가 반쪽을 잃었어,1
1156,사랑을 하다가 나 혼자 남았어,1
1160,혼자서도 잘해 낼 거라고,1
1167,사진 속 멈춰진 시간 그 모든 순간,1
1168,찢겨진 너와 나의 기억과,1
1169,그 아름다운 추억,1
1170,모두 다 빛바랜 기억 속에,1
1172,이젠 난 너 없이도 잘해 낼 거라고,1
1173,난 습관처럼 눈물 흘리지 않는다고,1
1174,이렇게 다짐하지만,1
1175,잠시 나도 모르게 어느새 널 기다려,1
1176,항상 웃고 있는 너의,1
1178,나 지금 할 말이 있어서,1
1179,그댈 기다리다 멍하니 서성이죠,1
1180,뭘 모르는 그런 나이는,1
1181,이미 오래전에 지나버렸어도,1
1182,자꾸 떨리는 건 설명할 수 없어요,1
1183,긴 하루 끝에 지친 어깨를 안아주는,1
1184,그대의 목소리라는 걸 알까요,1
1185,혹시 그대 맘도 나와 같을까요,1
1186,나를 아는 사람 중에,1
1187,그렇게 웃어주는,1
1188,사람이 있을까요 그대뿐이죠,1
1189,그대는 어떤가요,1
1190,내가 아는 사람 중에,1
1191,그렇게 사랑스런,1
1193,사랑을 시작해요 이렇게,1
1194,다 지나버린 내 어린 시절 그때처럼,1
1195,두근거리는 소리가 들리나요,1
1204,사랑을 시작해요,1
1205,난 세상에서 어느샌가 어른이 되고,1
1206,더 남은 위로가 내겐 없었죠,1
1207,남은 위로가 내겐 없었죠,1
1208,나를 바라보는 그대가 없다면,1
1209,나만 아는 그대의 눈,1
1210,그렇게 아름다운,1
1211,미소가 있을까요 당신뿐이죠,1
1214,그렇게 말해주는,1
1216,사랑을 시작해요 영원히,1
1217,울려댔어 사이렌,0
1218,텅 빈 길거리엔,0
1219,도망치다 흘린 칼자루와 피가 흥건해,0
1220,우리 그때 어릴땐,0
1221,그냥 힘쎈 형이 제일로 멋졌었지 그땐,0
1222,그래 우린 살아나왔어 지옥,0
1223,이제 어딜가든 다 비옥,0
1224,수도 없이 맛본 치욕,0
1225,어릴때부터 입에 붙은 쌍욕,0
1226,절대 할 수 없었지 신고,0
1227,할 수 있는게 오직 기도,0
1228,어떻게 느끼겠어 피곤,0
1229,붉게 물들지 않을려 내 흰옷,0
1230,침대가 없어서 엄마랑 잤어,0
1231,매일 밤마다 우는 소리가 들려,0
1232,난 대체 뭘 해야 되는지 몰라서,0
1233,그냥 계속했어 자는 척,0
1234,엄마는 우리를 속였어,0
1235,고작 15000원 때문에,0
1236,엄마 내가 돈 어떻게든 벌어올게,0
1237,이제 남몰래 눈물 흘리지 않아도 돼,0
1238,내 몸 하나 불살라서라도 꺼내줄게,0
1239,난 그 모습 다시 실눈 뜨고 볼 순 없기에,0
1253,여기서 더 있다간 감방이 내 방,0
1254,종신형이 친구 책가방 안에,0
1255,어린 내가 짝사랑하던 그 여잔,1
1256,김치 냄새 땜에 놀려대길래,0
1257,도시락통을 닫아,0
1258,그런 날 보고 지 점심을 나눠준,0
1259,꼬마가 있었어,0
1260,어느 날 관 속에,0
1261,그 친구의 얼굴을 만지게 됐어,0
1275,사랑이란 어쩌면 순간의 감정의 나열,1
1276,조건이 다들 붙지 난 뭘 사랑하는가,1
1277,영원이라는 말은 어쩌면 모래성,1
1278,잔잔한 파도 앞에 힘없이 무너져,1
1279,내가 두려운 게 그대이든 그때이든,1
1280,불같이 사랑할래 그댈 지금,1
1281,모든 게 궁금해,1
1282,뭐가 널 행복하게 하는지,1
1283,내 머리맡에 두고 싶어,1
1284,네 모든 걸 다 가르쳐줘,1
1285,저 하늘을 높이 날고 있어,1
1286,그때 니가 내게 줬던 두 날개로,1
1287,이제 여긴 너무 높아,1
1288,난 내 눈에 널 맞추고 싶어,1
1289,네 전부를 함께하고 싶어,1
1290,이제 조금은 나 알겠어,1
1291,사소한 게 사소하지 않게,1
1292,만들어버린 너라는 별,1
1293,하나부터 열까지 모든 게 특별하지,1
1294,너의 관심사 걸음걸이 말투와,1
1295,사소한 작은 습관들까지,1
1296,다 말하지 너무 작던,1
1297,내가 영웅이 된 거라고,1
1298,난 말하지 운명 따윈,1
1299,처음부터 내 게 아니었다고,1
1300,세계의 평화,1
1301,거대한 질서,1
1302,그저 널 지킬 거야 난,1
1309,툭 까놓고 말할게,0
1310,나도 모르게 힘이 들어가기도 했어,0
1311,때론 도망치게 해달라며 기도했어,0
1312,깨달았을 때 나 다짐했던 걸,0
1313,니가 준 이카루스의 날개로,0
1314,태양이 아닌 너에게로,1
1317,넌 운전만 해,1
1318,계속 운전만 해,1
1319,왜 이리 된 걸까 우리 사이가,1
1320,갑자기 어색해졌단 걸,1
1321,왜 달라졌을까 웃음이 말라서,1
1322,함께 있는 게 불편해졌어,1
1323,말없이 그냥 걷기만 해요,1
1324,아무런 말도 없이,1
1325,처음과는 너무 다른 사이,1
1326,말없이 그냥 먹기만 해요,1
1327,부쩍 줄어든 대화 속에,1
1328,침묵이 내려 지금,1
1329,달리는 차 안에 우린 아무 말 없네,1
1330,너는 그렇게 운전만 해,1
1331,난 핸드폰 보네 넌 창밖을 보네,1
1332,난 너무 답답해,1
1333,계속해서 침묵만,1
1344,이 침묵은 깨져야만 해,1
1345,너도 나도 다 알면서도,1
1346,쉽게 뗄 수 없는 입,1
1353,운명의 장난일까요,1
1354,내 인생의 숙명일까요,1
1355,사랑해선 안 될 사람,1
1356,내 맘속에 들어왔네,1
1357,매일 그대 생각에,1
1358,목이 메이고,1
1359,두근대는 가슴으로,1
1360,잠 못 이루는 날들아,1
1361,미워요 미워요,1
1363,내 마음 훔쳐가 버린,1
1364,그 사람이 미워요,1
1365,눈에선 멀어져 가도,1
1366,가슴속엔 남아있어요,1
1367,보고 싶다는 말 한마디,1
1368,할 수 없는 내 사랑아,1
1369,내 마음에 찾아와,1
1370,꽃을 피우고,1
1371,속절없이 떠나가면,1
1372,나의 마음은 어이해,1
1383,가을 우체국 앞에서,0
1384,그대를 기다리다,0
1385,노오란 은행잎들이,0
1386,바람에 날려가고,0
1387,지나는 사람들 같이,0
1388,저 멀리 가는걸 보내,0
1389,세상에 아름다운 것들이,0
1390,얼마나 오래 남을까,0
1391,한여름 소나기 쏟아져도,0
1392,굳세게 버틴 꽃들과,0
1393,지난 겨울 눈보라에도,0
1394,우뚝 서있는 나무들같이,0
1395,하늘아래 모든 것이,0
1396,저 홀로 설 수 있을까,0
1399,우연한 생각에 빠져,0
1400,날 저물도록 몰랐네,0
1414,비가 오고,1
1415,네가 생각나,1
1417,또 비가 오고,1
1418,슬픈 음악이 흐르면,1
1419,옛 노래처럼,1
1423,잠이 안 오고,1
1425,옛 가사처럼,1
1429,술이 물처럼 넘어가네,1
1431,몸이 예전 같지 않은 걸,1
1432,내 마음이 모르나 봐,1
1433,때마침 네가 좋아했던,1
1434,옛 노래도 흐르니,1
1435,위험해 위험해,1
1436,속 시원하게 운다,1
1437,감정을 일절 금했다간,1
1438,한 순간에 훅 가,1
1439,구차하게 내 탓 네 탓,1
1440,이 쓸쓸한 날씨 탓 하긴 싫다,1
1441,마음 편히 널 그리워할래,1
1442,인생 뭐 있냐,0
1443,어차피 알 수 없는 내일인데,0
1444,마음이 약해질 수록 술이 더 세지네,0
1445,이런 내가 싫겠지만 이해해,1
1446,인생 뭐 있냐 몇 장 뒤엔,0
1447,마지막 페이지인데,0
1448,그칠 때만 되면 또 다시 비가 내리네,1
1449,난 잘 지내,1
1463,다 잊고 싶었지만,1
1464,증발했다고 믿었던,1
1465,추억이 비가 됐나 봐,1
1466,창밖에 쏟아지는 빗방울,1
1467,내 마음을 두드리면,1
1468,엉킨 감정을 풀고,1
1469,다시 이어지는 인연,1
1470,괜찮은 척 해서,1
1471,더 아파야 했던 지난 날,1
1472,이젠 웃으며 맞이하네,1
1473,공허한 밤 혼자 내뱉는 이 넋두리도,1
1474,메아리 치다 지쳐,1
1475,언젠가 끝나겠지 뭐,1
1476,내버려 둬,1
1477,사랑 뭐 있냐,1
1478,어차피 돌아서면 남인데,1
1479,몸이 멀어질 수록,1
1480,멀어지는게 마음인데,1
1482,사랑 뭐 있냐 몇 장 뒤엔,1
1483,마지막 페이지인데,1
1485,잘 지내,1
1499,비 오는 날에,1
1500,듣기 좋은 노래,1
1501,자꾸만 더 늘어가네요,1
1519,이 비가 그치는 날에,1
1520,해 뜨는 날에,1
1521,이런 노래,1
1523,터벅터벅 그 걸음으로,1
1524,어느 세월에 내게 오나요,1
1525,저 푸른 하늘 새들처럼,1
1526,날개를 달고 와야죠,1
1527,이리저리 돌아보면서,1
1528,어느 천년에 내게 오나요,1
1529,더 늦기 전에 돌아와요,1
1530,빨리빨리 오세요,1
1531,사랑아 멀어진 나의 사랑아,1
1532,내 님아 보고픈 나의 사람아,1
1533,어 허야 내가 내가 간다,1
1534,그리운 내 님 곁으로,1
1535,늦기 전에 더 늦기 전에,1
1536,계단 말고 엘리베이터,1
1552,어느 날 갑자기 운명처럼 만난 그대,1
1553,사랑의 아픔을 딛고 다시 일어나,1
1554,나를 바라보아요 나를 바라보아요,1
1555,당신의 힘이 되어 줄게요,1
1557,사랑의 버팀목 되어 줄게요,1
1558,그러니 다시 한번 나를 보아요,1
1559,당신 곁에 내가 있어요,1
1561,사랑의 아픔 딛고,1
1573,우리의 모든 순간이,1
1574,애틋해 눈물 날 때면,1
1575,언제나 네게 닿을 수 있게,1
1576,가까이서 머물게,1
1577,유난히 더 힘든 날엔,1
1578,더 이상 외롭지 않게 안아줄게,1
1579,영원히 내 품에 너를 간직할게,1
1580,세상이 널 외면해도,1
1581,모두가 저버린대도,1
1582,항상 곁에서 변함없이 늘 있어줄게,1
1583,밝게 빛나는 별이 되어,1
1584,너를 비춰줄게 매일,1
1585,어두워 헤맬 때도,1
1586,앞이 두려워도,1
1587,언제나 널 지켜줄게,1
1588,세상이 널 아프게 할 땐,1
1589,내가 안아줄게 매일,1
1590,포근한 바람으로,1
1591,따듯한 햇살로,1
1592,난 널 지켜줄게 매일,1
1593,너의 모든 시간 속에 내가 함께할게,1
1594,오직 너를 위한 소중한 꿈을 담아,1
1604,난 널 지켜줄게,1
1605,네가 걸어가는 그 길 따라,1
1606,수많은 별이 되어 비춰줄게,1
1607,눈부시게 또 아름답게,1
1609,세월이 흐른대도,1
1610,시간이 지나도,1
1611,언제나 널 사랑할게,1
1612,영원히 너만을 빛나게,1
1613,내가 비춰줄게 매일,1
1614,길고 긴 시간 속에서,1
1615,찾아올 끝에도,1
1616,너를 사랑할게 매일,1
1617,보고 싶다,1
1618,이렇게 말하니까 더 보고 싶다,1
1619,너희 사진을 보고 있어도,1
1621,너무 야속한 시간,1
1622,나는 우리가 밉다,1
1623,이젠 얼굴 한번 보는 것 조차,1
1624,힘들어진 우리가,1
1625,여긴 온통 겨울 뿐이야,1
1626,8월에도 겨울이 와,1
1627,마음은 시간을 달려가네,1
1628,홀로 남은 설국열차,1
1629,니 손 잡고 지구 반대편까지 가,1
1630,겨울을 끝내고파,1
1631,그리움들이 얼마나,1
1632,눈처럼 내려야 그 봄날이 올까,1
1633,허공을 떠도는,1
1634,작은 먼지처럼 작은 먼지처럼,1
1635,날리는 눈이 나라면,1
1636,조금 더 빨리,1
1637,네게 닿을 수 있을 텐데,1
1638,눈꽃이 떨어져요,1
1639,또 조금씩 멀어져요,1
1640,보고 싶다 보고 싶다,1
1642,얼마나 기다려야,1
1643,또 몇 밤을 더 새워야,1
1644,널 보게 될까 널 보게 될까,1
1645,만나게 될까 만나게 될까,1
1646,추운 겨울 끝을 지나,1
1647,다시 봄날이 올 때까지,1
1648,꽃 피울 때까지,1
1649,그곳에 좀 더 머물러줘,1
1651,니가 변한 건지,1
1653,아니면 내가 변한 건지,1
1654,내가 변한 건지,1
1655,이 순간 흐르는 시간조차 미워,1
1656,우리가 변한 거지 뭐,1
1657,모두가 그런 거지 뭐,1
1658,그래 밉다 니가 넌 떠났지만,1
1659,단 하루도 너를,1
1660,잊은 적이 없었지 난,1
1661,솔직히 보고 싶은데,1
1662,이만 너를 지울게,1
1663,그게 널 원망하기보단,1
1664,덜 아프니까,1
1665,시린 널 불어내 본다,1
1666,연기처럼 하얀 연기처럼,1
1667,말로는 지운다 해도,1
1668,사실 난 아직 널 보내지 못하는데,1
1677,아침은 다시 올 거야,1
1678,어떤 어둠도 어떤 계절도,1
1679,영원할 순 없으니까,1
1680,벚꽃이 피나봐요,1
1681,이 겨울도 끝이 나요,1
1684,조금만 기다리면,1
1685,며칠 밤만 더 새우면,1
1686,만나러 갈게 만나러 갈게,1
1687,데리러 갈게 데리러 갈게,1
1693,어느 날 세상이 멈췄어,0
1694,아무런 예고도 하나 없이,0
1695,봄은 기다림을 몰라서,0
1696,눈치 없이 와버렸어,0
1697,발자국이 지워진 거리,0
1698,여기 넘어져있는 나,0
1699,혼자 가네 시간이,0
1700,미안해 말도 없이,0
1701,오늘도 비가 내릴 것 같아,0
1702,흠뻑 젖어버렸네,0
1703,아직도 멈추질 않아,0
1704,저 먹구름보다 빨리 달려가,0
1705,그럼 될 줄 알았는데,0
1706,나 겨우 사람인가 봐,0
1707,몹시 아프네,0
1708,세상이란 놈이 준 감기,0
1709,덕분에 눌러보는 먼지 쌓인 되감기,0
1710,넘어진 채 청하는 엇박자의 춤,0
1711,겨울이 오면 내쉬자,0
1712,더 뜨거운 숨,0
1713,끝이 보이지 않아,0
1714,출구가 있긴 할까,0
1715,잠시 두 눈을 감아,0
1716,여기 내 손을 잡아,0
1717,저 미래로 달아나자,0
1718,하루가 돌아오겠지,0
1719,아무 일도 없단 듯이,0
1720,또 하루 더 날아가지,0
1721,이 음악을 빌려 너에게 나 전할게,1
1722,사람들은 말해 세상이 다 변했대,1
1723,다행히도 우리 사이는,1
1724,아직 여태 안 변했네,1
1725,늘 하던 시작과 끝 ‘안녕’이란 말로,1
1726,오늘과 내일을 또 함께 이어보자고,1
1727,멈춰있지만 어둠에 숨지 마,0
1728,빛은 또 떠오르니깐,0
1732,여기 내 손을 잡아,1
1733,저 미래로 달아나자,1
1737,지금 나와 어디든 가자,0
1738,작은 가방 운동화 챙겨,1
1739,코발트블루 물결 눈부신 바다,1
1740,달빛 가득 묻은 작은 섬,1
1741,야경이 눈부신 도시는 어때,1
1742,함께라면 어디든 좋아 난,1
1743,너와 나 그곳으로 떠나는 거야,1
1744,상상에 상상에 상상을 더해서,1
1745,어머 깜짝야,1
1746,눈부셔 눈부셔 눈부셔 이건 뭐,1
1747,두 손 모아 소리치면,1
1748,푸른 하늘이 내게로 와,1
1750,상상의 상상의 미래로 가볼까,1
1751,바람을 타고,1
1752,새로운 눈빛에 가슴이 붐 붐 붐,1
1753,흑백영화 같은 하루에,1
1754,레몬 터지듯 짜릿함이 필요해,1
1755,지금 당장 널 데려갈게,1
1756,꿈꿔오던 사진 속 그곳으로,1
1757,민트그린빛 바람 가득한 숲 속,1
1758,달콤한 향기의 칵테일,1
1770,너와 나의 비밀스런 풍경들,1
1771,언제라도 다시 와 주겠니,1
1772,은하수 아래 밤새 부른 노래,1
1773,영원히 잊지 않을 거야,1
1774,이 시간 속에 영원히,1
1775,네 품에 안기고 싶은걸,1
1776,단 둘이 이순간 잠들고 싶은걸,1
1777,지도엔 없는 이 곳을 꼭 기억해줘,1
1781,처음 만난 세상 속에,1
1782,나의 가슴이 라 라 라 라,1
1787,느낌이 오잖아,1
1788,떨리고 있잖아,1
1789,언제까지 눈치만 볼 거니,1
1790,네 맘을 말해봐,1
1791,딴청 피우지 말란 말이야,1
1792,네 맘 가는 그대로,1
1793,지금 내 손을 잡아,1
1794,어서 내 손을 잡아,1
1795,우연히 고개를 돌릴 때 마다,1
1796,눈이 마주치는 건,1
1797,며칠 밤 내내 꿈속에 나타나,1
1798,밤새 나를 괴롭히는 건,1
1799,그 많은 빈자리 중에서 하필,1
1800,내 옆자릴 고르는 건,1
1801,나도 모르게 어느새 실없는 웃음,1
1802,흘리고 있다는 건,1
1803,그럼 말 다했지 뭐,1
1804,우리 얘기 좀 할까,1
1805,느낌이 오잖아 떨리고 있잖아,1
1811,핸드폰 진동에,1
1812,심장이 덜컥내려 앉는다는 건,1
1813,오 나도 모르게,1
1814,어느새 짓궂은 네 말투,1
1815,자꾸 듣고 싶은걸,1
1817,저기 멀리 걸어온다,1
1818,눈이 마주친다,1
1819,언제까지 넌 모른척 할거니,1
1820,사랑이 온거야 너와 나 말이야,1
1821,네가 좋아 정말 못 견딜 만큼,1
1822,그거면 된거야,1
1823,더는 생각하지 말란 말이야,1
1831,그냥 내 손을 잡아,1
1833,어쩜 살아가다 보면 한 번은 날 찾을지 몰라,1
1834,나 그 기대 하나로 오늘도 힘겹게 버틴 걸,1
1835,난 참 기억력도 좋지 않은데 왜 너에 관한 건,1
1836,그 사소한 추억들까지도 생각이 나는지,1
1837,너를 잊을 순 없지만 붙잡고 싶지만,1
1838,이별 앞에서 할 수 있는 건,1
1839,좋은 기억이라도 남도록 편히 보내주는 일,1
1840,혼자 남아도 괜찮아 가도 괜찮아,1
1841,세상에 제일 자신있는 건,1
1842,내가 언제나 그래왔듯이 너를 기다리는 일,1
1843,어쩜 살아가다보면 한 번은 날 찾을지 몰라,1
1844,난 그 기대 하나로 오늘도 힘겹게 버틴 걸,1
1845,부디 하루빨리 좋은 사람과 행복하길 바래,1
1846,그래야만 내 마음 속에서 널 보낼 것 같아,1
1850,이젠 멀어져 가지만 잠시였지만,1
1851,태어나 처음 잘한 듯한 건,1
1852,내겐 아무리 생각해봐도 너를 사랑했던 일,1
1853,서로가 하나씩 이별의 선물을 나눠간 거잖아,1
1854,난 마음을 준 대신 넌 내게 추억을 준 거야,1
1855,다시 또 나를 살아가게 할 거야,1
1856,날 아프게 했지만 울게 했지만,1
1857,이것 하나만큼은 고마워,1
1858,눈 감는 그날 내가 가져갈 추억 만들어줘서,1
1859,난 처음 너의 바램이 되고 싶어,1
1860,세상을 다 주겠다고 약속을 해,1
1861,많은 눈들의 착각이,1
1862,나에겐 혼란이 되어 너만 힘들게 했지,1
1863,더 잃을 것도 없었는데,1
1864,날 너와 비교했어 참 나는 못된,1
1865,사람이 됐고 모든 내 말들은,1
1866,널 위한 거였단 핑계가 돼,1
1867,근데 이젠 혼자 살기에는,1
1868,버거운 집과 혼자 앉아있긴,1
1869,너무 커 소파,1
1870,또 다 쓰지도 못하는 돈과 옷,1
1871,널 데려다줄 만한 큰 차,1
1872,뭐 다 가져버리고 나서 난,1
1873,영화 흘러나오다가,1
1874,혼잣말 옆에 없잖아 너가,1
1875,하루 종일 싸우고 안은 채,1
1876,잠들어도 좋아,1
1877,다 괜찮으니 와서 채워주라 이 소파,1
1878,혼자는 이 공간이 너무 커 필요해 너가,1
1879,필요해 너가,1
1880,손을 잡아주겠다던 너와 나 둘,1
1881,앞이 안 보일 때 너가 돼준 내 눈,1
1882,겨울에 함께 봤던 눈,1
1883,불타올랐지 아무리 추워도 난,1
1884,라고 말하던 때 그때 그 기억인 듯,1
1885,아직두 너와 듣던 노래들의 가사들,1
1886,가 익숙하던 예전 그대로,1
1887,고정돼있던 곡 뻔하던 그 제목,1
1888,초라해 질까 봐 난 말을 못 했어,1
1890,길을 걸었지,1
1891,누군가 옆에 있다고,1
1892,느꼈을 때,1
1893,나는 알아 버렸네,1
1894,이미 그대 떠난 후라는 걸,1
1895,나는 혼자 걷고 있던 거지,1
1896,갑자기 바람이 차가와지네,1
1897,마음은 얼고,1
1898,나는 그곳에 서서,1
1899,조금도 움직일 수 없었지,1
1900,마치 얼어 버린 사람처럼,1
1901,나는 놀라 서 있던 거지,1
1902,달빛이 숨어 흐느끼고 있네,1
1903,우 떠나 버린 그 사람,1
1904,우 생각나네,1
1905,우 돌아선 그 사람,1
1907,묻지 않았지,1
1908,왜 나를 떠나느냐고,1
1909,하지만 마음 너무 아팠네,1
1910,이미 그대 돌아서 있는 걸,1
1911,혼자 어쩔 수 없었지,1
1912,미운 건 오히려 나였어,1
1924,멋드러진 친구 내 오랜 친구야,1
1925,언제라도 그곳에서 껄껄껄 웃던,1
1927,언제라도 그곳으로 찾아오라던,1
1928,이왕이면 더 큰 잔에 술을 따르고,1
1929,이왕이면 마주 앉아,1
1930,마시자 그랬지,1
1931,그래 그렇게 마주 앉아서,1
1932,그래 그렇게 부딪쳐 보자,1
1933,가장 멋진 목소리로 기원하려 마,1
1934,가장 멋진 웃음으로 화답해 줄게,1
1935,오늘도 목로주점 흙바람 벽엔,1
1936,삼십 촉 백열등이 그네를 탄다,1
1937,월말이면 월급타서 로프를 사고,1
1938,연말이면 적금타서 낙타를 사자,1
1939,그래 그렇게 산에 오르고,1
1940,그래 그렇게 사막에 가자,1
1941,가장 멋진 내 친구야 빠뜨리지 마,1
1942,한 다스의 연필과 노트 한 권도,1
1945,밤하늘의 별을 따서 너에게 줄래,1
1946,너는 내가 사랑하니까,1
1947,더 소중하니까,1
1948,오직 너 아니면 안 된다고,1
1949,외치고 싶어 그저,1
1950,내 곁에만 있어줘,1
1951,떠나지 말아줘,1
1952,참 많이 어색했었죠 널 처음 만난 날,1
1953,멀리서 좋아하다가 들킨 사람처럼,1
1954,숨이 가득 차올라서,1
1955,아무 말 하지 못했는데,1
1956,너는 말 없이 웃으며 내 손 잡아줬죠,1
1961,외치고 싶어,1
1962,그저 내 곁에만 있어줘,1
1964,널 좋아하는 내 마음이 표현이 안 돼,1
1965,꿈이 아니면 좋겠어 자꾸 웃음 나와,1
1966,내 모든 걸 다 준대도,1
1967,너에겐 아깝질 않아,1
1968,이 순간이 영원하길 난 정말 행복해,1
1978,많고 많은 사람 중에,1
1979,너를 만나서 행복하고 싶어,1
1980,두 번 다시 울지 않을래,1
1981,오직 내 눈에는 너만 보여,1
1982,나를 아껴줘 이제부터,1
1983,혼자가 아니야 우린 함께니까,1
1984,나나나 난난 난난나,0
1986,나 나나나 난난 난난나 나나난나,0
1991,이젠 잊어야 해요,1
1992,사람 없는 성당에서 무릎 꿇고,1
1993,기도했던걸 잊어요,1
1994,이젠 잊기로 해요,1
1996,그대 생일 그대에게,1
1997,선물했던 모든 의미를 잊어요,1
2002,술 취한 밤 그대에게,1
2003,고백했던 모든 일들을 잊어요,1
2004,눈 오던 날 같이 걷던 영화처럼,1
2005,그 좋았던걸 잊어요,1
2012,술 취한 밤 그대에게 고백 했던,1
2013,모든 일들을,1
2019,일부러 몇 발자국 물러나,1
2020,내가 없이 혼자 걷는 널 바라본다,1
2021,옆자리 허전한 너의 풍경,1
2022,흑백 거리 가운데 넌 뒤돌아본다,1
2023,그때 알게 되었어,1
2024,난 널 떠날 수 없단 걸,1
2025,우리 사이에 그 어떤 힘든 일도,1
2026,이별보단 버틸 수 있는 것들이었죠,1
2027,어떻게 이별까지 사랑하겠어,1
2028,널 사랑하는 거지,1
2029,사랑이라는 이유로,1
2030,서로를 포기하고,1
2031,찢어질 것같이 아파할 수 없어 난,1
2032,두세 번 더 길을 돌아갈까,1
2033,적막 짙은 도로 위에 걸음을 포갠다,1
2034,아무 말 없는 대화 나누며,1
2035,주마등이 길을 비춘 먼 곳을 본다,1
2037,난 더 갈 수 없단 걸,1
2038,한 발 한 발 이별에 가까워질수록,1
2039,너와 맞잡은 손이 사라지는 것 같죠,1
2045,어떻게 내가 어떻게 너를,1
2046,이후에 우리 바다처럼 깊은 사랑이,1
2047,다 마를 때까지,1
2048,기다리는 게 이별일 텐데,1
2053,영원한 밤,1
2054,다치고 망가져도 나,1
2055,뭘 믿고 버티는 거야,1
2056,어차피 떠나면 상처투성인 채로 미워하게 될걸,1
2057,끝장을 보기 전 끝낼 순 없어,1
2058,이 아픔을 기다린 것처럼,1
2059,아마 다 잠깐 일지도 몰라,1
2060,우린 무얼 찾아서 헤매는 걸까,1
2061,내 세상 속엔 너만 있으면 돼,1
2062,네 멋대로 내 사랑을 끝낼순 없어,1
2063,이 아픔 없인 난 아무 의미가 없어,1
2066,불안한 내 눈빛 속에 널 담아,1
2067,아프더라도 너만 있으면 돼,1
2068,네 멋대로 내 사랑을 끝낼 순 없어,1
2070,아프다 아물면 또 찾아오는 이 겁 없는 떨림,1
2071,이 아픔이 난 행복해,1
2072,나를 불쌍해 하는 네가 내 눈엔 더 불쌍해,1
2074,이 아픔없인 난 아무 의미가 없어,1
2075,모두 결국 떠나가고,1
2076,내 눈물이 무뎌져도,1
2077,아프고 또 아파도,1
2078,지난 날 아무 계획도 없이,0
2079,여기 서울로 왔던 너,0
2080,좀 어리둥절한 표정이,0
2081,예전 나와 같아,0
2082,모습은 까무잡잡한 스포츠맨,0
2083,오직 그것만 해왔던,0
2084,두렵지만 설레임의 시작엔,0
2085,니가 있어,0
2086,괜찮아 잘 될 거야,0
2087,너에겐 눈부신 미래가 있어,0
2089,우린 널 믿어 의심치 않아,0
2090,너만의 살아가야 할 이유,0
2091,그게 무엇이 됐든,0
2092,후회 없이만 산다면,0
2093,그것이 슈퍼스타,0
2098,널 힘들게 했던 일들과,0
2099,그 순간에 흘렸던,0
2100,땀과 눈물을 한잔에 마셔 버리자,0
2111,나나나 나나나나나나 나,0
2112,나나나 나나 나나나,0
2113,나나나 나나나 나나 나,0
2116,코발트블루 물결 눈부신 바다 (달빛 가득 묻은 작은 섬),0
2117,야경이 눈부신 도시는 어때 (함께라면 어디든 좋아 난~),0
2118,너와 나 그곳으로 떠나는 거야,0
2119,상상에 상상에 상상을 더해서 (어머 깜짝야) 눈부셔 눈부셔 눈부셔 이건 뭐,0
2120,(날아가볼래) 상상의 상상의 미래로 가볼까 (바람을 타고) 새로운 눈빛에 가슴이 붐 붐 붐,0
2122,흑백영화 같은 하루에 레몬 터지듯 짜릿함이 필요해,0
2123,지금 당장 널 데려갈게 꿈꿔오던 사진 속 그곳으로,0
2124,민트 그린 빛 바람 가득한 숲 속 (달콤한 향기의 칵테일),0
2127,(날아가볼래) 상상의 상상의 미래로 가볼까 (바람을 타고) 새로운 눈빛에 가슴이 붐 붐 붐~,0
2128,너와 나의 비밀스러운 풍경들 언제라도 다시 와 주겠니,0
2129,은하수 아래 밤새 부른 노래 영원히 잊지 않을 거야~~,0
2130,이 시간 속에 영원히 네 품에 안기고 싶은 걸 (단둘이 이 순간 잠들고 싶은 걸),0
2134,겨우 160 이 됐을 무렵,0
2135,쓸만한 녀석들은 모두 다,0
2136,이미 첫사랑 진행 중,0
2137,정말 듣고 싶었던 말이야,1
2138,물론 2년전 일이지만,1
2139,기뻐야하는 게 당연한데,1
2140,내 기분은 그게 아냐,1
2141,하지만 미안해 이 넓은,1
2142,가슴에 묻혀,1
2143,다른 누구를 생각했었어,1
2144,미안해 너의 손을 잡고,1
2145,걸을 때에도,1
2146,떠올렸었어 그 사람을,1
2147,널 좋아하면 좋아할수록,1
2148,상처 입은 날들이 더 많아,1
2149,모두가 즐거운 한 때에도,1
2150,나는 늘 그곳에 없어,1
2151,정말 미안한 일을 한걸까,1
2152,나쁘진 않았었지만,1
2153,친구인 채 였다면 오히려,1
2154,즐거웠을 것만 같아,1
2155,하지만 미안해 네 넓은,1
2160,떠올랐었어 그 사람이,1
2167,중2때까지 늘 첫째 줄에,1
2168,겨우 160 이 됐을 무렵,1
2169,쓸만한 녀석들은 모두 다,1
2170,이미 첫사랑 진행 중,1
2171,아득한 시간 속에 아직,1
2172,우리 사랑이 남아있을까,1
2173,멀어지던 그날의 너를 따라 걸어도,1
2174,텅 빈 거리엔 미움만,1
2175,너의 흔적을 마주칠 때마다,1
2176,익숙함 속에 떠나보내던,1
2177,소중했던 모든 날들은,1
2178,후회로 남아,1
2179,이렇게 또 내게 다가오나 봐,1
2180,멍하니 혼자 남아,1
2181,나도 모르게 널 그리워하다,1
2182,떠오르는 네 생각에 하루를 살아,1
2183,선명했던 우리의,1
2184,추억은 만남보다 이별에 남아,1
2185,여전히 너를 사랑하게 하나 봐,1
2187,저녁 빛에 밤이 물들면,1
2188,길게 늘어진 그림자처럼,1
2189,흩어질 듯 더 커져가는 너의 모습은,1
2190,아직도 내 안에 가득한가 봐,1
2196,여전히 너를,1
2197,사랑하고 있나 봐 바보처럼,1
2198,흩날리는 기억의 모든 순간마다 너를,1
2199,매일 이렇게 불러본다,1
2200,꼭 한 번쯤 너에게 해주고 싶었던 말,1
2201,너무 사랑했다고,1
2202,다시는 너를 떠나지 않겠다고,1
2203,여전히 너를 사랑하고 있다고,1
2204,그날 보다,1
2205,어두운 불빛아래 촛불 하나,1
2206,와인 잔에 담긴 약속하나,1
2207,항상 너의 곁에서 널 지켜줄거야,1
2208,날 믿어준 너였잖아,1
2209,나 바라는 건 오직 하나,1
2210,영원한 행복을 꿈꾸지만,1
2211,화려하지 않아도 꿈같진 않아도,1
2212,너만 있어주면 돼,1
2213,이 순간을 잊지 않을게,1
2214,안긴 너의 미소가,1
2215,영원히 빛을 잃어 가지 않게,1
2216,첫날 밤에 단 꿈에 젖어,1
2217,하는 말이 아냐 난 변하지 않아,1
2218,내 모든걸 다 잃는대도,1
2219,후회하지 않아,1
2220,오직 너를 위한,1
2221,변하지 않는 사랑으로,1
2226,너의 그늘이 되어줄게,1
2239,가라앉지 않기,0
2240,빠지더라도 구명복 따윈 졸업,0
2241,휩쓸리지 않기,0
2242,게워내더라도 지는 건 난 못 참아,0
2243,제일 높은 파도,0
2244,올라타타 라차차우아,0
2245,해일과 함께 사라질 타이밍,0
2246,그건 내가 골라,0
2247,"무슨 소리 겁이 나기는, 재밌지 뭐",0
2248,어어어 푸푸푸 또,0
2249,허허허 우우우적,0
2250,거거거 리더던 시,0
2251,저저절 나라면,0
2252,워어언 이 사람아,0
2253,언제적 얘길 꺼내나,0
2254,보란듯이 헤엄치기 처첨버벙,0
2255,저저적 셔셔셔 또,0
2256,저저적 셔셔셔,0
2257,거거겁 없이 몸을,0
2258,더더던 져져져,0
2260,뭘 그렇게나 놀래나,0
2261,더 재밌는 걸 보여줄게,0
2262,잔잔한 바다를,0
2263,나이를 먹어도 이 버릇 남 못 줘 난,0
2264,이제 이쯤이야,0
2265,물 먹이더라도 이곳을 난 못 떠나,0
2268,너울과 함께 부서질 타이밍,0
2277,맨몸으로 헤엄치기 처첨버벙,0
2278,어 또 보네 다음에,0
2279,다시 만날 때까지,0
2280,부디 행운을 빌어,0
2281,지겹게 보자고,0
2282,슬 가볼게 나 먼저,0
2283,저기 물마루에,0
2284,원 이 사람 참,0
2292,뭘 그렇게나 보채나,0
2293,거품처럼 사라질게,0
2294,당신은 날 설레게 만들어,1
2295,조용한 내 마음 자꾸만 춤추게 해,1
2296,얼마나 얼마나 날 떨리게 하는지,1
2297,당신이 이 밤을 항상 잠 못 들게 해,1
2298,매일 같은 밤 너를 생각하면서,1
2299,유치한 노랠 들으며,1
2300,심장이 춤을 추면서,1
2301,오오 난 너를 기다리면서,1
2302,유치한 노랠 부르며,1
2303,심장이 춤을 추면서 워,1
2304,나를 떨리게 하나요,1
2305,그대 왜 나를 설레게 하나요 자꾸만,1
2306,오늘도 잠 못 이루는 이 밤,1
2307,아름다운 그대,1
2308,나를 아프게 하나요,1
2309,웃는 그대 왜 자꾸 설레게 하나요,1
2311,오늘 밤 잠이 오질 않네요,1
2312,보고 싶은 그대여,1
2313,당신이 날 힘들게 만들어,1
2314,갑자기 내 마음 자꾸만 멍들게 해,1
2315,얼마나 얼마나 잠 못 들게 하는지,1
2316,고요한 내 마음 항상 시끄럽게 해,1
2320,워 난 너를 기다리면서,1
2332,매일 밤 너를 생각하면서,1
2335,워오 난 너를 기다리면서,1
2341,아름다운 그대여,1
2347,‘뭐해?‘라는 두 글자에,1
2348,‘네가 보고 싶어’ 나의 속마음을 담아 우,1
2349,이모티콘 하나하나 속에,1
2350,달라지는 내 미묘한 심리를 알까 우,1
2351,지금 다른 사람과 함께이지 않아,1
2352,"응, 나도 너를 생각 중",1
2353,엄지손가락으로 장미꽃을 피워,1
2354,향기에 취할 것 같아 우,1
2355,오직 둘만의 비밀의 정원,1
2356,너에게 한 송이를 더 보내,1
2357,밤샘 작업으로 업데이트,1
2358,어쩜 이 관계의 클라이맥스,1
2359,조금 장난스러운 나의 은유에,1
2360,네 해석이 궁금해,1
2361,엄지손가락으로 말풍선을 띄워,1
2362,금세 터질 것 같아 우,1
2363,호흡이 가빠져 어지러워,1
2364,너에게 가득히 채워,1
2366,"백만송이장미꽃을, 나랑피워볼래?",1
2367,꽃잎의 색은 우리 마음 가는 대로 칠해,1
2368,시들 때도 예쁘게,1
2373,이별을 노래하던 날 보며,1
2374,이젠 네가 있다고,1
2375,우리 둘을 닮은,1
2376,행복해진 노래를 들려달라고,1
2377,너를 닮은 예쁜 가사와,1
2378,사랑스런 우리 멜로디,1
2379,단 한번도 쓰지 못하고 결국,1
2380,오늘 나는 또 이제야 슬프게,1
2381,너를 노래해,1
2382,그 날 이후 내 노래에는,1
2383,온통 네 얘기로 가득해 이렇게,1
2384,이걸 듣고 어떤 표정 지을까,1
2385,혹시 널 더 슬프게끔 만들까,1
2386,우리 둘만의 이야기가,1
2387,그 날 이후 난 아직까지,1
2388,매일 한번씩 우리 사진을 봐,1
2389,나를 향해 해맑게 웃어준,1
2390,그때의 넌 정말 날 사랑했어,1
2391,우리 자주 다닌 동네가,1
2392,들어갔던 모든 노래가,1
2393,전부 너를 얘기 했단 걸,1
2394,알고 있는지 너는,1
2395,미련하게 나는 너무나 늦었지,1
2404,그때의 넌 정말 날 사랑해줬는데,1
2405,왜 난 몰랐을까,1
2406,항상 내가 붙잡아도,1
2407,너를 불안하게,1
2408,만들었던 건,1
2409,언제나 비겁한 나였으니깐,1
2410,이 노래를 듣게 된다면,1
2411,혹시나 아직도 내 생각 한다면,1
2412,이번에는 내게 먼저,1
2413,한번만 연락하면 안될까 난 매일 밤,1
2414,용기 내지 못해 노래만,1
2415,이 노래가 네 노래라고,1
2416,매일 밤 난 네 동네를 찾아가곤 해,1
2417,이제 나는 달라질 것 같아,1
2418,아직도 사랑해,1
2419,그때보다 더,1
2420,늦어서 미안해,1
2421,늘 똑같은 일로 싸우다 지친 우리,1
2422,끝날 때 됐나 봐,1
2423,너답지 않던 모습 더는,1
2424,지켜보기 힘들었어,1
2425,다시 주워 담기 힘든 말들,1
2426,쏟아내고 집에 돌아왔어,1
2427,그날에 나는 맘이 편했을까,1
2428,다신 안 보겠단 각오로,1
2429,니가 못한 숙제 한 거잖아,1
2430,나는 사랑이 필요해,1
2431,이만큼 아프면 충분해,1
2432,니가 핀 담배만큼 난 울었어,1
2433,니가 가장 듣기 싫어했던,1
2434,얘기들만 뱉어내고 왔어,1
2441,상처받았다고 말하지 말아줘,1
2442,나를 더욱더 사랑해줬더라면,1
2443,아니 처음부터 만나지 말았다면,1
2445,정말 널 미워해서 이랬을까,1
2446,이렇게까지 해서라도,1
2447,우릴 되돌리고 싶었는데,1
2448,나를 떠나는 이유가,1
2449,너는 필요했던 거니까,1
2450,내가 그 이유를 만들어줄게,1
2451,미안한 마음들 갖지 않도록,1
2452,뭐 그대로야 난,0
2453,다 잃어버린 것 같아,0
2454,모든 게 맘대로 왔다가 인사도 없이 떠나,0
2455,이대로는 무엇도 사랑하고 싶지 않아,0
2456,다 해질 대로 해져버린,0
2457,기억 속을 여행해,0
2458,우리는 오렌지 태양 아래,0
2459,그림자 없이 함께 춤을 춰,0
2460,정해진 이별 따위는 없어,0
2461,아름다웠던 그 기억에서 만나,0
2464,이런 악몽이라면 영영 깨지 않을게,0
2465,섬 그래 여긴 섬 서로가 만든 작은 섬,0
2466,작별은 마치 재난문자 같지,0
2467,그리움과 같이 맞이하는 아침,0
2468,서로가 이 영겁을 지나,0
2469,꼭 이 섬에서 다시 만나,0
2470,지나듯 날 위로하던 누구의 말대로 고작,0
2471,한 뼘짜리 추억을 잊는 게 참 쉽지 않아,0
2472,시간이 지나도 여전히,0
2473,날 붙드는 그곳에,0
2476,정해진 안녕 따위는 없어,0
2478,우리는 서로를 베고 누워,0
2479,슬프지 않은 이야기를 나눠,0
2480,우울한 결말 따위는 없어,0
2481,난 영원히 널 이 기억에서 만나,0
2485,회색빛 차를 타고,0
2486,달아나고 있어,0
2487,빌어먹을 세상 너머,0
2488,네 손을 잡은 내 손,1
2490,미친 듯 크게 웃어줘,1
2491,절대 뒤돌아보지 마,1
2492,지기만 했었던 나,1
2493,넌 내 구원이었어,1
2494,벼랑 끝에서,1
2495,너의 빛이 나를 이끌어,1
2498,펼친 채 부러진 날개,1
2499,안간힘 써봐도 추락해,1
2500,너와 함께라면,1
2501,추락도 아름다워,1
2502,하늘의 반대편으로,1
2503,기꺼이 나 가라앉아,1
2504,그저 서로를 안아줬으면 해,1
2505,내 어설픈 비행 끝날 때쯤엔,1
2506,가라앉고 싶어 너의 바다에,1
2509,언제부턴가 불쑥,1
2510,내 습관이 돼버린 너,1
2511,혹시나 이런 맘이,1
2512,어쩌면 부담일까,1
2513,널 주저했어,1
2514,언제부턴가 점점,1
2515,내 하루에 스며든 너,1
2516,아침을 깨우는 네 생각에,1
2517,어느샌가 거리엔,1
2518,어둠이 젖어 들고,1
2519,취기를 빌려,1
2520,오늘 너에게 고백할 거야,1
2521,하루하루 네가 좋다고,1
2522,괜히 어색할까,1
2523,혼자 애만 태우다,1
2524,끝끝내 망설여왔던 순간,1
2525,알잖아 나 무뚝뚝하고,1
2526,말도 없는 걸,1
2527,서툰 표현이 쑥스러워서 괜히,1
2528,쓰다 지울 문자만 바라보다,1
2529,멋쩍은 쓴웃음만,1
2530,언제부턴가 가끔,1
2531,너와 마주칠 때마다,1
2532,한참을 머뭇거린,1
2533,어설픈 손 인사만,1
2534,오늘 밤도 후회로 잦아들고,1
2537,하루하루 보고 싶다고,1
2538,괜히 어색할까 혼자 애만 태우다,1
2539,수없이 연습해왔던 그 말,1
2545,첫눈을 빌려,1
2546,오늘은 꼭 고백할 거야,1
2547,작은 너를 품에 안고서,1
2548,눈을 마주하고,1
2549,너무 사랑한다고,1
2550,함께 하고 싶다고,1
2551,평생 살아가다 수 많은 인연,1
2552,그 중에 너를 만난 건,1
2553,어떤 말로도 어떤 표현도,1
2554,전할 수 없어 난,1
2555,가만히 널 바라보면서,1
2556,너의 손을 잡고서,1
2557,우리가 함께한 시간들로,1
2558,너를 위한 노래할게,1
2559,바라만봐도 넌 좋은 사람,1
2560,행복해서 눈물 나는 사람,1
2561,너는 나에게 전부가 되고,1
2562,선물같은 하루를 주고,1
2563,괜히 울컥해지는,1
2564,눈물나는 날에는,1
2565,언제나 내 곁에 기대어,1
2566,넌 편히 쉬면 돼,1
2567,때론 아플때마다,1
2568,날 안아준 너로 인해 버텨냈어,1
2569,별 볼 일 없던 하루가 왠지,1
2571,나의 품에서 오래오래,1
2572,마음껏 사랑받길,1
2573,한없이 너에게 주고 싶어,1
2582,오랜 시간이 지나,1
2583,내 옆에 미소 띤 한사람,1
2584,너라면 좋겠어,1
2585,나에겐 첫 사람 너이니까 약속해,1
2586,별처럼 빛나는 그런 사람,1
2587,나를 빛나게 만드는 사람,1
2588,사랑 그대로의 사랑으로,1
2589,너를 영원히 지켜줄게,1
2590,세상에 소리쳐,1
2591,너를 사랑한다는 그말,1
2592,너라서 고마워,1
2593,나에게 선물 같은 사람,1
2594,내 곁에서 날 믿어주는 넌 좋은 사람,1
2595,오늘 같은 날 마주쳐 이게 뭐야,1
2596,머리는 엉망인 데다,1
2597,상태가 말이 아니야,1
2598,모른 척 지나가 줘,1
2599,내 맘이 방심할 때마다 불쑥 나타난 뒤,1
2600,헤엄치듯 멀어지는 너,1
2601,또 물보라를 일으켜,1
2604,어쩐지 오늘 알람이 안 울려,1
2605,아무거나 막 입었고 지각이야,1
2606,아래로 몸을 낮추고 숨을 꾹 참아봤지만,1
2607,아이쿠 들켰나 봐,1
2613,이 파도 위 난 온종일 서핑을 하는 느낌,1
2614,갑자기 웃으며 얼굴을 불쑥 다가온 뒤,1
2615,원을 갈라 하트를 그려,1
2621,죽도록 힘겨워도,1
2622,몸서리치게 외로워도,1
2623,너를 그리워하지 않는 게,1
2624,더 쓸쓸한 일인데,1
2625,늘 니 생각 하나에 살고,1
2626,하룰 다 써도 모자라서,1
2627,다음날도 그다음 날에도,1
2628,더해가는 그리움에,1
2629,또 하루가 흘러 또 한 달이 흘러,1
2630,일 년이라는 시간이 흘러,1
2631,자꾸만 느는 거짓말 같은 날이,1
2632,날 반기지만,1
2633,천 걸음을 가도 만 걸음을 걸어도,1
2634,난 언제나 제자리 걸음,1
2635,떠나고 싶어도 못 떠나,1
2636,니가 와줄까 봐,1
2637,니 소리에 심장이 멎고,1
2638,너의 미소에 몸이 굳어,1
2639,사랑한다 너를 사랑한다,1
2640,입술도 채 떼기 전에,1
2649,왜 항상 사랑은 받는,1
2650,너에겐 관대한 거니,1
2651,이렇게 널 잊지 못한,1
2652,내 앞에선 눈물 나게 하면서,1
2653,내 맘이 널 불러 또 이렇게 불러,1
2654,네게 닿지 못해도 널 불러,1
2655,잊는 것보다 아픈 게 나은 거라,1
2656,난 믿으니까,1
2657,안 돌아와도 돼 날 사랑 안 해도 돼,1
2658,넌 내 안에 제자리 걸음,1
2659,보내고 싶어도 못 보내,1
2660,널 사랑하니까,1
2661,참 많이 궁금해,1
2662,전부 다 궁금해,1
2663,왜 잠이 안 오고 네 얼굴만 보여,1
2664,나도 궁금해,1
2665,이 맘이 궁금해,1
2666,왜 너만 보면 웃음이 먼저 나와,1
2667,친구들 모여서,1
2668,네 말이 나오면,1
2669,왜 내가 들떠서 더 듣고 싶은지,1
2670,너만 있으면,1
2671,난 딴 사람이 돼,1
2672,또 뜬금없는,1
2673,어색한 농담을 늘 해,1
2674,사실 난 이 느낌이 이상해,1
2675,구름 위가 있다면 여기일까,1
2676,혹시 그런 걸까,1
2677,너와 나 그런 걸까,1
2678,내 맘과 같다면,1
2679,시작돼 버린 걸까,1
2680,너를 많이 많이 좋아해,1
2681,너를 나 사랑하게 됐나 봐,1
2682,똑같이 말하고 싶은데,1
2683,내가 그래도 될까 좀 더 기다려볼까,1
2684,나도 많이 많이 좋아해,1
2685,사실 난 이런 맘이 처음인데,1
2686,더 기다려줄게,1
2687,더 기다려줄래,1
2688,난 여기 있을게,1
2689,여기 있어줄래,1
2690,우리는 이미 같은 맘인걸,1
2691,내 뭐가 좋은지,1
2692,난 그게 궁금해,1
2693,언제부터 내가 네 맘에 살았니,1
2694,싫지 않은 게 아니라 좋은 거지,1
2695,넌 정말 나밖에 안 보이는 건지,1
2696,멋진 남자들 누구,1
2697,네 곁에 많은데 어디,1
2698,사실 난 우릴 자꾸 상상해 상상해,1
2699,이런 기분 어쩐지 수상해,1
2700,같은 하늘 아래 같은 하늘 아래서,1
2701,같은 생각을 하고,1
2702,똑같은 말 이제 해도 될 것 같은데,1
2714,누가 좋아해 더,1
2715,내가 더,1
2716,그런 건 나 중요치 않은걸,1
2717,나 손 내밀면,1
2718,그 손 안 놓을 자신 있다면,1
2719,영원히 그 손을 놓지 않을게,1
2720,너를 너무너무 좋아해,1
2721,사실 난 이미 너를 사랑해,1
2722,똑같이 말할 수 있는데,1
2723,왜 난,1
2724,떨리는 건지 자꾸 망설이는지,1
2725,아니 너를 너를 사랑해,1
2726,이제는 내 맘 다 말해줄게,1
2727,날 믿어주겠니,1
2728,널 믿어볼게 난,1
2729,이 사랑 안에서,1
2730,이 사랑 속에서,1
2732,같이 걸어가자 둘이,1
2733,네가 없이 웃을 수 있을까,1
2734,생각만 해도 눈물이나,1
2735,힘든 시간 날 지켜준 사람,1
2736,이제는 내가 그댈 지킬 테니,1
2737,너의 품은 항상 따뜻했어,1
2738,고단했던 나의 하루에,1
2739,유일한 휴식처,1
2740,나는 너 하나로 충분해,1
2741,긴 말 안 해도 눈빛으로 다 아니깐,1
2742,한 송이의 꽃이 피고 지는,1
2743,모든 날 모든 순간 함께해,1
2744,햇살처럼 빛나고 있었지,1
2745,나를 보는 네 눈빛은,1
2746,꿈이라고 해도 좋을 만큼,1
2747,그 모든 순간은 눈부셨다,1
2748,불안했던 나의 고된 삶에,1
2749,한줄기 빛처럼 다가와,1
2750,날 웃게 해준 너,1
2755,알 수 없는 미래지만,1
2756,네 품속에 있는 지금 순간 순간이,1
2757,영원 했으면 해,1
2758,갈게 바람이 좋은 날에,1
2759,햇살 눈부신 어떤 날에 너에게로,1
2760,처음 내게 왔던 그날처럼,1
2762,그대는 참 아름다워요,1
2763,밤 하늘의 별빛보다 빛나요,1
2764,지친 나의 마음을 따뜻하게 감싸줄,1
2765,그대 품이 나의 집이죠,1
2766,세찬 바람 앞에서,1
2767,꺼질듯한 내 사랑도,1
2768,잘 참고서 이겨내줬어요,1
2769,정말 눈물나도록 고마운 맘 아나요,1
2770,그대 내곁에 살아줘서,1
2772,내가 그대에게 부족한걸 알지만,1
2773,세월을 걷다보면 지칠때도 있지만,1
2774,그대의 쉴곳이 되리라,1
2775,사랑해요 고마운 내 사랑,1
2776,평생 그대만을 위해 부를 이노래,1
2777,사랑 노래 함께 불러요,1
2778,둘이서 라라라,1
2779,그대 쳐진 어깨가 내맘을 아프게해요,1
2780,잘 해준것도 없는 나라서,1
2781,그대의 고운 손이 세월에 변했어요,1
2782,못지켜줘서 미안해요,1
2789,사랑노래 함께 불러요,1
2791,고마워요 고마워요,1
2792,그대 자신보다 나를 아껴준 사랑,1
2793,세상이 등 돌려도 누가 뭐라고 해도,1
2794,내가 그대 지켜줄게요,1
2795,사랑해요 소중한 내사랑,1
2799,그대 품이 나의 집이죠 영원히 라라라,1
2800,오른 손은 춤을 춰 네 허리 춤,1
2802,살다 보니까 해외 한 번 간적이 없네,0
2803,코로나는 또 예상 조차 못해,0
2804,제주도는 어떻고 서울이면 또 어때,0
2805,어차피 이제 내 사랑이 나의 옆에,1
2806,우리 사랑이 2년전 다시,1
2807,당시에 멍청이었던,1
2808,내가 널 만나 이만큼이나 바뀌었어,1
2809,하나님께 무한감사,1
2810,내 삶은 너 없인 안 돌아가,1
2811,더 이상의 헤어짐은 시간낭비야,1
2812,세상 등지고 도망가자,1
2814,오른손은 춤을 춰 네 허리 춤,1
2816,신림에서부터 청라,1
2817,오직 너를 위해서 택시를 탔던,1
2818,월급 120 스무살의 꼬마,0
2819,이제 제네시스 순식간에 바뀌어,0
2820,너는 말했지 안그래도 좋아,1
2821,네가 있어서 내가 어른이 됐어,1
2822,여기 멈춰서 이제 얼음이 돼줘,1
2823,난 노랠 쓸 수 밖에 없지,1
2824,네 눈 앞에 맘껏 꼬집어도 돼,1
2825,영원한 약속이 돼 줄게,1
2828,난 지금 어렸을 때처럼,1
2829,너와 춤을 출래 내 손이 허리 춤에,1
2830,스물에 능글맞았던 우린 다섯이 돼,1
2831,너만 기다렸지 매일,1
2834,모두 그에게 말해 또 왔네,0
2835,죽지 않고 왔다 이렇게,0
2836,새꺄 뭐,0
2837,라인을 빌릴래,0
2838,했어 예수처럼 이렇게 부활을,0
2839,031 팔 안쪽의,0
2840,어수룩해 엄마 속에 걱정,0
2841,한 톤만큼 쌓고,0
2842,스물한살에 독립했던 얘는,0
2843,여섯이 되었고,0
2844,발견했지 우연히 5년 전의 노트,0
2845,정말 스타 되고 싶어,0
2846,그럴려면 가서 만나면 돼 악마,0
2847,노트를 덮고,0
2848,거울에 비춰진 남자를 보니 와,0
2849,저 손목이 너무 부러워,0
2850,넘을걸 천백은 더,0
2852,사람들이 외치네,0
2853,저 괴물체는 뭘까,0
2854,별빛이 내려오지 마구,0
2858,기억해 니들,0
2859,뭐였지 뭐였나 음 음,0
2860,1절의 그 별이 2절의 그 별이,0
2861,그래 모두 나였지,0
2862,실화가 된 동화이지,0
2863,힘들 때면 홀로,0
2864,쓴 노래를 불러,0
2865,환상들을 보던,0
2866,성냥팔이 소년이였던 나날들이,0
2867,365 24 730 24에 7,0
2868,1095 아 그만 세자,0
2869,그 애랑도 하고 돔페리뇽이 만든,0
2870,숙취 땜에 넋을 놓은 나를 향해,0
2871,몇천 명이 와 해,0
2872,본 적은 없지만 때론,0
2873,어떤 존재가,0
2874,내 인생을 왔다 간 듯해,0
2875,그냥 그런 느낌이 들지,0
2876,상관없어 환상이던 현실이던지,0
2884,영 영 영원히,0
2885,약속해 영원하기로,0
2886,어둠 가득한 저 뒤로,0
2887,돌려보내지 말아요 제발 제발,0
2889,난 영원할 거라 믿어,0
2890,흥분으로 가득차,0
2891,이 도시에 나 외칠 꺼야,0
2892,드디어 내가 여 왔다,0
2893,내 오래된 친구인 널,1
2894,좋아하게 됐나 봐,1
2895,아무렇지 않은 듯 널 대해도,1
2896,마음은 늘 떨렸어,1
2897,미소 짓는 너를 보면,1
2898,우리 사이가 어색할까 두려워,1
2899,아무런 말 하지 못한 채,1
2900,돌아서면 눈물만 흘렸어,1
2901,말해야 하는데 네 앞에 서면,1
2902,아무 말 못하는 내가 미워져,1
2903,용기를 내야해 후회하지 않게,1
2904,조금씩 너에게 다가가,1
2905,날 고백해야해,1
2906,처음 너를 만났던 날,1
2907,기억할 순 없지만,1
2908,그저 그런 친구로 생각했고,1
2909,지금과는 달랐어,1
2912,하루 종일 망설이다,1
2913,헤어지면 눈물만 흘렸어,1
2914,말하고 싶은데 사랑한다고,1
2915,아무 말 못하는 내가 너무 미워,1
2918,날 고백할 거야,1
2919,용기를 내야 해 후회하지 않게,1
2922,사랑한다고 아무 말 못하는,1
2923,내가 너무 미워,1
2927,흔들리는 꽃들 속에서,1
2928,네 샴푸향이 느껴진거야,1
2929,스쳐지나간건가 뒤돌아보지만,1
2930,그냥 사람들만 보이는거야,1
2931,다와가는 집근처에서,1
2932,괜히 핸드폰만 만지는거야,1
2933,한번 연락해 볼까 용기내 보지만,1
2934,그냥 내 마음만 아쉬운 거야,1
2935,걷다가 보면 항상 이렇게 너를,1
2936,바라만 보던 너를,1
2937,기다린다고 말할까,1
2938,지금 집앞에 계속 이렇게 너를,1
2939,아쉬워 하다 너를 연락했다 할까,1
2940,지나치는 꽃들 속에서,1
2941,네 샴푸향만 보이는거야,1
2942,스쳐지나간건가 뒤 돌아보지만,1
2943,그냥 내 마음만 바빠진거야,1
2949,어떤 계절이 너를,1
2950,우연히라도 너를 마주치게 할까,1
2951,난 이대로 아쉬워하다,1
2952,너를 바라만 보던 너를,1
2953,기다리면서 아무말 못하고,1
2954,그리워만 할까,1
2957,생각한다고 말할까,1
2958,지금 집앞에 기다리고,1
2959,때론 지나치고 다시 기다리는,1
2960,꽃이 피는 거리에 보고파라 이밤에,1
2962,아쉬워 하다 너를,1
2966,우연히 너를 만나서,1
2967,너의 옆자리에 앉아,1
2968,그렇게 우린 친해졌어,1
2969,짧은 시간에 그렇게,1
2970,가까워질 수 있다는게,1
2971,그게 참 신기했어,1
2972,소소한 일상부터,1
2973,어린 시절 얘기 까지도,1
2974,그리 똑같진 않아도,1
2975,말이 참 잘 통해서,1
2976,더 짧았던 거야,1
2977,너의 번호를 누르고,1
2978,설레임을 가득 채우다,1
2979,너의 번호를 지우며,1
2980,좋았던 시간을 덜어내,1
2981,그때 난 왜 몰랐을까,1
2982,이뤄질 수 없는,1
2983,짧은 시간속의,1
2984,우린 여기 까지인 가봐,1
2985,어쩌다 먼 훗날에,1
2986,그때 우리 약속 기억 날까,1
2987,아쉬움만 가득했던,1
2988,그때 난 왜 그랬을까,1
2996,우린 여기까지인 가봐,1
2997,아무일 없이 살다보면,1
2998,모두 잊혀질거라,1
2999,또 맘을 속이고 달래도,1
3000,자꾸만 그 때 니가 생각나,1
3001,또 너를 부르게 돼,1
3010,그 때 그 시절 속의,1
3012,오래 전에 함께 듣던 노래가,1
3013,발걸음을 다시 멈춰서게 해,1
3014,이 거리에서,1
3015,너를 느낄 수 있어,1
3016,널 이 곳에서,1
3017,꼭 다시 만날 것 같아,1
3018,너 일까봐 한번더 바라보고,1
3019,너 일까봐 자꾸 돌아보게 돼,1
3020,어디선가 같은 노래를 듣고,1
3021,날 생각하며,1
3022,너 역시 멈춰있을까,1
3024,거리에서 내게,1
3025,우연히 들려온 것처럼,1
3026,살아가다 한번쯤,1
3027,우연히 만날 것 같아,1
3028,사랑했던 그 모습 그대로,1
3029,내 사랑이,1
3030,그대로인 것처럼,1
3031,발걸음이 여길,1
3032,찾는 것처럼,1
3033,꼭 만날꺼야,1
3034,지금 이 노래처럼,1
3035,날 사랑하는 네 맘도,1
3043,운명처럼 아니면 우연처럼,1
3044,우리가 다시 예전처럼,1
3045,만날 수 있다면,1
3046,너에게 나 해주고 싶은,1
3047,말이 하나 있어,1
3048,널 다시는 놓치지 않을게,1
3055,가을밤이 찾아와,1
3056,그대를 비추고,1
3057,또 나를 감싸네,1
3058,눈을 감을 때마다,1
3059,향기로운 네 맘이,1
3060,내게 전해지네,1
3061,너는 무슨 생각해,1
3062,나란히 누워서,1
3063,저 별을 바라볼 때면,1
3064,나와 같은 마음인지는 몰라도,1
3065,너와 함께 있는,1
3066,이 순간이 난 소중해,1
3067,나랑 같이 걸을래,1
3068,혹시 내일은 뭐해,1
3069,네가 부담되지 않는 날에,1
3070,산책이라도 할래,1
3071,그냥 날이 좋길래,1
3072,너와 걷고 싶어져서,1
3073,내일 많이 바쁘지 않으면,1
3074,혹시 나랑 같이 걸을래,1
3075,많이 어색한가 봐,1
3076,자꾸 딴 델 보고,1
3077,널 닮은 별만 바라봐,1
3078,싱그럽게 불어오는 바람에,1
3079,너와 함께 있는 이 순간이 난 소중해,1
3088,힘들어 보일 땐,1
3089,내가 더 아파오고,1
3090,속상한 마음만 커져,1
3091,내가 곁에 있을게 항상,1
3092,너의 편이 되어줄게,1
3093,저 하늘의 별처럼,1
3102,별빛이 내린 밤,1
3103,그 풍경 속 너와 나,1
3104,날 새롭게 하는,1
3105,따뜻하게 만드는,1
3106,니 눈빛 니 미소,1
3107,영원히 담아둘게,1
3108,너로 가득한 맘,1
3109,널 닮아가는 나,1
3110,날 위한 선물,1
3111,꿈보다 더 아름다운,1
3112,서로의 품에서,1
3113,끝 없는 밤을 걷자,1
3114,나의 모든 날들을 다 주고싶어,1
3115,내 이 맘을 모두 전하고 싶어,1
3116,잠들지 못한,1
3117,푸른 바람들,1
3118,이렇게 밝게 이 밤을 비춰,1
3119,너와 작은 일상을 함께 하는게,1
3120,내 가장 큰 기쁨인걸 넌 알까,1
3121,내 세상 속에,1
3122,넌 빛이 되어,1
3123,지금 모습 그대로 내 곁에만,1
3124,행복이 짙은 날,1
3125,어둠이 없는 밤,1
3126,같은 맘 속에,1
3127,같은 꿈이 피어난 건,1
3128,우리의 정해진,1
3129,운명이 맞닿은거야,1
3140,내게 온 너란 빛이 눈 부셔도,1
3141,네 앞에서 한 순간도 눈 감지 않아,1
3142,다가올 시간도,1
3143,계절의 바람도,1
3144,널 데려가지 못하게,1
3145,내가 더 좋은 사람이 되고 싶어,1
3146,더 아름답게 널 안을 수 있게,1
3148,잠들 수 없는,1
3149,바람들이 널 부르고 있어,1
3150,언제까지나 너와 함께 할거야,1
3151,내 마지막 숨결도 너일거야,1
3157,내가 망할 거랬던 놈들에게도,0
3158,내가 잘될 거라 했던 너에게도,0
3159,다 할게 최선,0
3160,갈아끼워 다 새 거,0
3161,난 알바 째고 무대 위,0
3162,가사 위 가난이 빛나지,0
3163,안 가 무한리필,0
3164,개 같던 세상의,0
3165,뒤통수 치러 왔지,0
3166,모두 날 보고 놀래,0
3167,타고 비행,0
3168,꺼내겠다고 포차,0
3169,맨 밑바닥의 소녀,0
3170,엄마의 술병이 날 만들어,0
3171,허기져 이를 꽉 물어,0
3172,녹슨 팔찌 버려 문 앞에,0
3173,구제 벨트 아직 허리에,0
3174,원망하던 과거와 춤출래,0
3175,목숨은 다 꺼내놓고,0
3176,자판기 밑 먼지 덕지덕지 붙은,0
3177,동전까지 털어-털어,0
3178,여기까지 왔지,0
3179,내 속 이야기 털어놓으려,0
3180,지갑 털어 차린 술상 위,0
3181,넌 폰만 바라봤잖아,0
3182,악플들이 돈과 함께 쏟아지니,0
3183,꼬우면 네 오빠인지 아저씨인지한테,0
3184,일러바치고 한 판 더 뜨자 해 빛이,0
3185,다 드루와 내 패기,0
3186,연예인 된 줄 알았다는 이미 넌 패,0
3187,모든 게 끝나고 홍대로 돌아가도,0
3193,내 행동 위험해 걸리지 심의에,0
3194,자체 발광 계속해 실시해,0
3195,흔들릴 바엔 다 흔들어,0
3196,명품이 없어도 고개를 쳐들어,0
3197,싸워서 만드는 내일의 나,0
3198,난 역시나 함께일 때가 빛나,0
3199,내 사랑아 잘 가 웃자,0
3200,형은 미련 안 키워,0
3201,전방에 1분간 함성을 발사,0
3202,기 모아 발포해 내 에너지파,0
3203,수직상승 올라가 내 텐션 도레미파,0
3204,어쩌면 너가 응원해서,0
3205,근데 네 말대로 모두,0
3206,특별하니까 라면,0
3207,특별히 뭐가 특별해,0
3208,더 묻고파도 바뀌었지,0
3209,마치 내 작업실 앞 거리,0
3210,짧던 이 사정거리 가사가,0
3211,다 퍼진 광역시,0
3212,또 걔가 부럽다는 팔로잉,0
3213,삐까번쩍 빛나 벌써 이 밤처럼,0
3214,시간 없어 바쁜 삶,0
3215,일단 먼저 필사적으로 덤벼 던져,0
3216,기회는 한순간,0
3217,잡았다면 밝게 빛나,0
3218,그 어떤 래퍼의 목걸이보다도,0
3219,넌 곧 못 볼 거니 좀 봐둬,0
3220,내 손목은 비었지만,0
3221,그건 실은 의도적이야,0
3222,천리안 없이 난 멀리 봐,0
3223,시급으로 따지면 아마도 천만 원이야,0
3225,야 못 돌아가 시야가 넓어서,0
3226,날 부정하려면 너 보여봐라,0
3227,지금 내가 네게 보여준 것처럼,0
3233,역시 성공은 고난을 동반,0
3234,말없이 등산을 등반하는 것처럼,0
3235,하늘에 계신 할매 보고 있습니까,0
3236,조금 늦었습니다,0
3237,저 뱀들을 물리치느라,0
3239,내일이 없는 듯이 아버지,0
3240,권투선수 인생 한방이니깐,0
3241,필요하다 한방이,0
3243,동네의 육상선수 나의 어머니,0
3244,론다로우지 장애물 따윈,0
3245,없는 듯이 달려라 태민,0
3246,멜로디 없던 내 인생,0
3247,아침 해 다시 꼬기오,0
3248,술 팔아 쪽 팔아 벌었던 돈,0
3249,하루 사는 하루살이의 콧노래,0
3252,새 나라의 어린이 아니,0
3253,뭐 그런 흔한 말씀을 또,0
3254,요것 좀 봐라,0
3255,라고 하는 선생 그거 좀 마라,0
3256,이 멋 좀 봐라,0
3257,야 걱정하지마,0
3259,월이백에서 이천으로,0
3260,넌 찍어라 브이로그,0
3261,옜다 저스디스 톤으로,0
3262,왔노라 봤노라,0
3263,결국 이겨냈노라,0
3264,그땐 우리 둘 다 철없이,1
3265,어리기만 했나 봐,1
3266,태어나 처음 설레는,1
3267,너를 만나서 세상에 부러울 거,1
3268,하나 없이 좋았어,1
3269,매일 너만 기다렸어,1
3270,행복한 시간뿐이었어,1
3271,너에게 받은 만큼,1
3272,잘해주지 못해서 미안해,1
3273,사실 나는 니가 보고 싶어,1
3274,겉으로는 티 안 나게,1
3275,사람들과 웃곤 해도,1
3276,정말 많이 그리워,1
3277,상처 줬던 말과 행동들,1
3278,전부 미안해 후회돼,1
3279,아직 니 생각뿐이야,1
3280,그땐 나도 너무 어려서,1
3281,사랑을 몰랐나 봐,1
3285,나도 너만 기다렸어,1
3286,꿈같던 시간뿐이었어,1
3287,너에게 사랑 주는 게,1
3288,그렇게 좋았었어,1
3289,사실 나도 많이 보고 싶어,1
3291,사람들과 어울려도,1
3292,정말 니가 그리워,1
3295,모두 되돌리고 싶어,1
3296,더 잘해주고 아껴줬다면,1
3297,내 곁에 있을까,1
3298,헤어지기 전으로 돌아간다면,1
3299,좀 더 노력하고 애쓸 텐데,1
3300,이렇게 아플 걸 알면,1
3301,절대 놓지 않을 텐데,1
3302,정말 잘해줄 텐데,1
3303,혹시 너도 그리웠다면,1
3304,조금 니 맘도 내 맘과,1
3305,같은 마음뿐이라면,1
3306,당장 달려가 널 안고서,1
3307,말하고 싶어 아직은,1
3308,널 지우지 못한다고,1
3309,널 보내기는 싫다고,1
3310,후회하기는 싫다고,1
3311,돌아와 줄래,1
3312,나에겐 너뿐이라고,1
3314,어디까지 가는지,0
3315,마지막 게임이니만큼,0
3316,후회 없는 실수를 저질러,0
3317,최악의 패를 가지고 싹 쓸어,0
3318,한 수 배우고 싶음 더 예의 있게 굴어,0
3319,승리를 손에 꽉 잡아 말아 쥐어,0
3320,저리 가서 놀아줘,0
3321,매경기 살벌하게,0
3322,도대체 뭘 거는지,0
3323,엉망으로 테이블을 어질러,0
3324,끝내줄게 그만 여기서,0
3325,아직은 사랑을 몰라 몰라,1
3326,그래도 우리는 좋아 좋아,1
3327,알 수 없는 너의 고백이,1
3328,내 가슴을 뛰게 하지만,1
3329,그런 말은 너무 어려워,1
3330,싫어 싫어,1
3331,남들이 나에게 말하기를,1
3332,귀여운 웃음이 좋다나요,1
3333,그러나 이제는 안그래요,1
3334,나만의 비밀이 생겼어요,1
3335,하지만 나는 너 좋아,1
3336,사랑일지도 몰라,1
3339,그런 말은 이제 싫어 싫어,1
3352,창빈이란다 내 자리는 내가 취한다,1
3353,몰아치는 허리케인에 뒤집어진 우산,0
3354,잔소리꾼의 최후 하하 꼴이 좋구나,0
3355,나무꾼은 어서 돌아가시오 여긴 나무랄 데가 없네,0
3356,납작해질 리 없는 콧대 목 핏대와 함께 세운 줏대,0
3357,훨씬 더 웅장하게 내는 경적 소리 빵빵 빵빵,0
3358,악당 무리에 뜨거운 피가 돌아 온몸에 번져,0
3359,소문난 꾼들의 모임에 쏟아지는 눈빛은,0
3360,해보라는 태도 난 여전히,0
3361,할 말을 내뱉지 퉤 퉤 퉤,0
3363,소리꾼 (퉤 퉤 퉤),0
3365,우르르쾅쾅쾅쾅 천둥 (빠라바밤),0
3366,구름 타고 두둥 (빠라바밤),0
3367,바람과 함께 등장한 꾼,0
3368,그래 다들 헛소리소리소리,0
3369,이거저거 귀찮아서 도리도리,0
3370,말이 너무 많아 자꾸 나서지 좀 말아,0
3371,얼레리 꼴레리 멋있는 척들이 앙증,0
3372,발끝조차도 따라오지 못해 여긴 내 판들,0
3373,질투가 (나나 봐),0
3374,전부 한쪽으로 치워놓고 버려,0
3382,꾼들이 왔어요 (비켜라),0
3383,날이면 날마다 오는 날이 아닌 오늘,0
3384,소리꾼들이 왔어요,0
3385,원래 삐딱해 소리는 일당백,0
3386,맘에 안 들면 들 때까지 말대답해,0
3388,센 척,0
3395,어떻게 지내 식상한 말이,1
3396,내 가사가 될 줄 몰랐어,1
3397,얼마 안됐네 지나온 날이,1
3398,다 알아도 그립더라고,1
3399,시간이 필요했어 우린 정말 사랑했지만,1
3400,가살 쓰는 법도 잊어버리게 됐지 난,1
3401,넌 헤어지면 우리 노랠 제발 내지 말아,1
3402,달라 했지만 못 들어줘 미안,1
3403,나는 하루 종일 누워 있었어,1
3404,불면이 심해져서 안 피곤한 날이 없어,1
3405,가끔은 문 밖에서 누가 문을 두드려,1
3406,그건 환상인데도 나는 두려워,1
3407,다시 눈 뜨면 니가 있을까,1
3408,그럼 무서운 표정을 지을까,1
3409,아니면 어떤 대화를 나누고 싶어질 수도,1
3410,있어 그때처럼,1
3411,대체 왜 보고싶지 남겨진 상처 대신,1
3412,남은 건 혼자 돼버린 역시 너와 나겠지,1
3413,난 아직 낯설기만 해 넌 어때,1
3414,더 지독해 지기 전에 잊어볼게,1
3419,월요일에 병원을 예약했어,1
3420,너 없이 사는게 힘들었나봐,1
3421,하루도 빼지 않고 사람을 만나,1
3422,너도 알겠지만 오봉이도 데려 왔어,1
3423,너무 그리워하지 않더라 예범이는,1
3424,난 약을 먹었지만 아닐거야 별일은,1
3425,자전거를 타고 어디론가 가려하면,1
3426,다 너와 간 곳 뿐인게 좀 그럴 뿐야,1
3427,여기저기에 핑계를 대 불면증 습관이 돼,1
3428,너가 아닌 사람에게 널 원하고,1
3429,흉터가 된 상처는 더 이상,1
3430,아프지가 않잖아,1
3431,그래서 널 그리나봐 이젠 눈물이 나와,1
3432,널 다치게 하지 않을 순 없었을까,1
3433,만약 나 때문이었다면 다 나 때문이면,1
3438,널 이렇게 망가지게 한 게,1
3439,나인 건 아닐까,1
3440,내가 이렇게 망가지다니,1
3441,대체 왜 병원에 다닐까,1
3446,나의 하늘을 본 적이 있을까,1
3447,조각 구름과 빛나는 별들이,1
3448,끝없이 펼쳐 있는,1
3449,구석진 그 하늘 어디선가,1
3450,내 노래는 널 부르고 있음을,1
3451,넌 알고 있는지,1
3452,나의 정원을 본 적이 있을까,1
3453,국화와 장미 예쁜 사루비아가,1
3454,끝없이 피어 있는,1
3455,언제든 그 문은 열려 있고,1
3456,그 향기는 널 부르고 있음을,1
3458,나의 어릴 적 내 꿈만큼이나,1
3459,아름다운 겨울 하늘이랑,1
3460,네가 그것들과 손잡고,1
3461,고요한 달빛으로 내게 오면,1
3462,내 여린 마음으로 피워낸 나의 사랑을,1
3463,너에게 꺾어줄게,1
